GEOID,hist_start_date,hist_end_date,hist_days,total_crimes,active_days,avg_daily_crimes,avg_hourly_crimes,population,crime_per_1k_pop,avg_911_hourly,avg_911_daily,avg_311_daily,top5_categories,top5_harm_categories,vs_sf_avg_daily,vs_sf_avg_911,vs_sf_avg_311,distance_to_bus,bus_stop_count,distance_to_train,train_stop_count,poi_total_count,poi_risk_score,poi_dominant_type,distance_to_police,distance_to_government_building,is_near_police,is_near_government,neighbor_crime_1d,neighbor_crime_3d,neighbor_crime_7d
06075017602,2021-01-02,2025-12-30,1824,17740,1577,11.249207355738745,2.430469927387313,3199.0,1283.5138120802258,1.8620631341600902,16.485682074408118,0.0,"Larceny Theft:4080,Drug Offense:1929,Assault:1870,Other Miscellaneous:1510,Warrant:1259",NA,VERY_ABOVE_AVG,VERY_ABOVE_AVG,NA,163.06942749023438,15.0,428.001220703125,52.0,0.0,0.0,No_POI,292.79998779296875,741.5,1.0,0.0,29.0,83.0,197.0
06075010101,2021-01-02,2025-12-30,1824,13491,1453,9.2849277357192,2.343408025013028,2121.0,1597.8305627239547,1.2221480987324884,7.2748498999332885,0.0,"Larceny Theft:9168,Malicious Mischief:1126,Other Miscellaneous:438,Non-Criminal:350,Assault:331",NA,VERY_ABOVE_AVG,VERY_ABOVE_AVG,NA,134.04981994628906,25.0,2740.69287109375,36.0,0.0,0.0,No_POI,910.0999755859375,1273.9000244140625,0.0,0.0,11.0,32.0,77.0
06075011700,2021-01-02,2025-12-30,1824,13758,1546,8.899094437257439,2.2846230488209898,2056.0,1579.8489638127264,1.4132868149440325,9.584896060473906,0.0,"Larceny Theft:5096,Other Miscellaneous:1273,Malicious Mischief:1134,Burglary:859,Assault:802",NA,VERY_ABOVE_AVG,VERY_ABOVE_AVG,NA,124.39447021484375,48.0,311.0052185058594,40.0,0.0,0.0,No_POI,503.0,396.8999938964844,0.0,0.0,36.0,106.0,253.0
06075017700,2021-01-02,2025-12-30,1824,11032,1507,7.320504313205043,2.154266744776411,2080.0,1284.607728038385,1.454133430021755,11.338288614938362,0.0,"Larceny Theft:2379,Motor Vehicle Theft:1085,Other Miscellaneous:1073,Assault:898,Malicious Mischief:852",NA,VERY_ABOVE_AVG,VERY_ABOVE_AVG,NA,171.1660614013672,28.0,1164.831298828125,52.0,0.0,0.0,No_POI,737.5999755859375,342.8999938964844,0.0,0.0,38.0,113.0,258.0
06075018000,2021-01-02,2025-12-30,1824,9881,1489,6.635997313633311,2.1199313452048916,3774.0,641.7962425744988,1.2541240765104746,7.724825422528085,0.0,"Larceny Theft:1702,Other Miscellaneous:797,Motor Vehicle Theft:656,Recovered Vehicle:596,Warrant:595",NA,VERY_ABOVE_AVG,VERY_ABOVE_AVG,NA,79.61849975585938,13.0,1257.6732177734375,48.0,0.0,0.0,No_POI,113.5999984741211,85.69999694824219,1.0,1.0,22.0,65.0,149.0
06075017603,2021-01-02,2025-12-30,1824,9418,1440,6.540277777777778,2.3486284289276806,4815.0,495.784296757817,1.2545126353790614,6.060203864939478,0.0,"Larceny Theft:1451,Drug Offense:1354,Assault:892,Other Miscellaneous:875,Malicious Mischief:552",NA,VERY_ABOVE_AVG,VERY_ABOVE_AVG,NA,100.58162689208984,11.0,512.1712646484375,52.0,0.0,0.0,No_POI,733.2000122070312,389.79998779296875,0.0,0.0,30.0,88.0,205.0
06075012405,2021-01-02,2025-12-30,1824,8165,1354,6.030280649926144,2.3701015965166907,3921.0,561.3497672081211,1.4586650336803428,9.612124923453766,0.0,"Larceny Theft:1422,Drug Offense:1065,Warrant:921,Other Miscellaneous:709,Assault:642",NA,VERY_ABOVE_AVG,VERY_ABOVE_AVG,NA,143.64694213867188,15.0,436.67510986328125,52.0,0.0,0.0,No_POI,520.2000122070312,257.1000061035156,0.0,1.0,39.0,109.0,252.0
06075012403,2021-01-02,2025-12-30,1824,7187,1230,5.843089430894309,2.671747211895911,2431.0,877.3046656834317,1.0343676081814388,5.2785585084179765,0.0,"Drug Offense:2104,Assault:633,Other Miscellaneous:597,Warrant:552,Non-Criminal:442",NA,VERY_ABOVE_AVG,VERY_ABOVE_AVG,NA,88.79249572753906,6.0,399.1122741699219,51.0,0.0,0.0,No_POI,323.70001220703125,220.5,0.0,1.0,17.0,48.0,116.0
06075012502,2021-01-02,2025-12-30,1824,7958,1418,5.61212976022567,2.0832460732984295,4629.0,442.52049308325115,1.2462930384518722,8.895828097511938,0.0,"Assault:815,Other Miscellaneous:657,Missing Person:645,Warrant:634,Non-Criminal:602",NA,VERY_ABOVE_AVG,VERY_ABOVE_AVG,NA,99.50129699707031,4.0,426.34326171875,46.0,0.0,0.0,No_POI,15.199999809265137,539.2000122070312,1.0,0.0,11.0,31.0,74.0
06075980900,2021-01-02,2025-12-30,1824,7784,1399,5.56397426733381,2.121559007904061,315.0,6447.144785958225,1.6136947584789312,13.89054470709147,0.0,"Larceny Theft:1675,Recovered Vehicle:929,Motor Vehicle Theft:757,Other Miscellaneous:650,Assault:534",NA,VERY_ABOVE_AVG,VERY_ABOVE_AVG,NA,225.8180389404297,48.0,3332.61279296875,6.0,0.0,0.0,No_POI,1888.4000244140625,1367.300048828125,0.0,0.0,14.0,42.0,99.0
06075061501,2021-01-02,2025-12-30,1824,7579,1381,5.488052136133237,2.1337274774774775,1656.0,1209.6250179279175,1.2926507454809342,6.952764216915161,0.0,"Larceny Theft:2441,Assault:726,Other Miscellaneous:686,Malicious Mischief:523,Burglary:420",NA,VERY_ABOVE_AVG,VERY_ABOVE_AVG,NA,39.347450256347656,31.0,366.6317443847656,46.0,0.0,0.0,No_POI,585.9000244140625,457.3999938964844,0.0,0.0,23.0,72.0,165.0
06075012202,2021-01-02,2025-12-30,1824,7301,1335,5.468913857677903,2.199096385542169,2978.0,670.3000530733493,1.2502396931927133,8.351184769209697,0.0,"Larceny Theft:925,Assault:808,Other Miscellaneous:752,Drug Offense:635,Warrant:508",NA,VERY_ABOVE_AVG,VERY_ABOVE_AVG,NA,28.239336013793945,6.0,1052.08642578125,46.0,0.0,0.0,No_POI,586.9000244140625,374.3999938964844,0.0,0.0,10.0,30.0,73.0
06075012503,2021-01-02,2025-12-30,1824,6930,1338,5.179372197309417,2.18957345971564,4368.0,432.8001034839599,1.2125541125541126,6.002453102453102,0.0,"Larceny Theft:1415,Assault:884,Other Miscellaneous:682,Drug Offense:475,Warrant:454",NA,VERY_ABOVE_AVG,VERY_ABOVE_AVG,NA,121.2806625366211,8.0,327.0398254394531,46.0,0.0,0.0,No_POI,232.5,764.5,1.0,0.0,37.0,110.0,256.5
06075020102,2021-01-02,2025-12-30,1824,6767,1310,5.165648854961832,2.2519134775374376,3310.0,569.6259311362745,1.3608689227131667,7.457809960100487,0.0,"Larceny Theft:883,Drug Offense:854,Assault:814,Other Miscellaneous:744,Warrant:480",NA,VERY_ABOVE_AVG,VERY_ABOVE_AVG,NA,101.3559341430664,6.0,108.18881225585938,40.0,0.0,0.0,No_POI,328.6000061035156,501.79998779296875,0.0,0.0,19.0,54.0,122.0
06075980300,2021-01-02,2025-12-30,1824,6431,1249,5.148919135308247,2.0520102105934908,38.0,,1.654952573472244,12.665526356709687,0.0,"Larceny Theft:3792,Malicious Mischief:406,Non-Criminal:380,Motor Vehicle Theft:247,Other Miscellaneous:231",NA,VERY_ABOVE_AVG,VERY_ABOVE_AVG,NA,482.9046936035156,44.0,7136.81982421875,0.0,0.0,0.0,No_POI,1454.300048828125,2555.699951171875,0.0,0.0,26.0,77.0,170.0
06075010500,2021-01-02,2025-12-30,1824,6222,1287,4.834498834498834,2.0313418217433887,3108.0,567.7580677580678,1.3029572484731597,8.123111539697847,0.0,"Larceny Theft:3003,Malicious Mischief:543,Other Miscellaneous:430,Assault:317,Motor Vehicle Theft:254",NA,VERY_ABOVE_AVG,VERY_ABOVE_AVG,NA,156.62635803222656,23.0,1283.1910400390625,40.0,0.0,0.0,No_POI,1068.199951171875,265.5,0.0,1.0,25.0,73.0,170.0
06075023200,2021-01-02,2025-12-30,1824,6016,1278,4.707355242566511,2.157819225251076,4222.0,406.9598918845988,1.9261968085106382,18.724567819148938,0.0,"Recovered Vehicle:737,Motor Vehicle Theft:643,Larceny Theft:631,Assault:617,Other Miscellaneous:521",NA,VERY_ABOVE_AVG,VERY_ABOVE_AVG,NA,143.59254455566406,27.0,4557.25390625,0.0,0.0,0.0,No_POI,880.7000122070312,1453.300048828125,0.0,0.0,10.0,31.0,71.0
06075060701,2021-01-02,2025-12-30,1824,6174,1323,4.666666666666667,2.136332179930796,7879.0,216.18648728688078,1.0523161645610626,4.059928733398121,0.0,"Larceny Theft:963,Other Miscellaneous:605,Assault:466,Fraud:417,Non-Criminal:396",NA,VERY_ABOVE_AVG,VERY_ABOVE_AVG,NA,132.3114471435547,16.0,1788.0946044921875,46.0,0.0,0.0,No_POI,143.3000030517578,482.0,1.0,0.0,12.0,35.0,85.0
06075015900,2021-01-02,2025-12-30,1824,6228,1335,4.665168539325843,1.9790276453765492,5245.0,324.6494789044676,0.9466923570969814,2.991490044958253,0.0,"Larceny Theft:2705,Assault:476,Malicious Mischief:442,Motor Vehicle Theft:341,Other Miscellaneous:325",NA,VERY_ABOVE_AVG,VERY_ABOVE_AVG,NA,35.31484603881836,14.0,1746.427001953125,46.0,0.0,0.0,No_POI,403.20001220703125,894.5999755859375,0.0,0.0,9.0,26.0,60.0
06075020900,2021-01-02,2025-12-30,1824,5436,1225,4.437551020408163,2.1875251509054325,4098.0,395.24307526817466,1.1666666666666667,5.468175128771155,0.0,"Larceny Theft:823,Assault:723,Other Miscellaneous:617,Malicious Mischief:369,Robbery:355",NA,VERY_ABOVE_AVG,VERY_ABOVE_AVG,NA,113.77690124511719,11.0,363.97222900390625,17.0,0.0,0.0,No_POI,1214.800048828125,415.0,0.0,0.0,10.0,33.0,74.0
06075010202,2021-01-02,2025-12-30,1824,4692,1058,4.434782608695652,2.0498034076015728,1859.0,870.7346165540146,0.8252344416027281,2.6101875532821825,0.0,"Larceny Theft:3147,Malicious Mischief:323,Other Miscellaneous:171,Non-Criminal:159,Burglary:140",NA,VERY_ABOVE_AVG,ABOVE_AVG,NA,232.1184844970703,22.0,3467.213623046875,38.0,0.0,0.0,No_POI,1280.699951171875,592.9000244140625,0.0,0.0,15.0,45.0,109.0
06075012204,2021-01-02,2025-12-30,1824,4409,1010,4.365346534653465,2.4603794642857144,2720.0,585.7909871869539,1.0374234520299388,4.969834429575868,0.0,"Drug Offense:1302,Larceny Theft:407,Other Miscellaneous:350,Assault:348,Warrant:327",NA,VERY_ABOVE_AVG,VERY_ABOVE_AVG,NA,78.20372009277344,2.0,710.6175537109375,46.0,0.0,0.0,No_POI,298.6000061035156,447.20001220703125,1.0,0.0,18.0,52.0,121.0
06075022801,2021-01-02,2025-12-30,1824,5076,1215,4.177777777777778,2.1062240663900416,4950.0,308.05836139169475,0.9558707643814027,3.4682821118991334,0.0,"Larceny Theft:1228,Other Miscellaneous:594,Motor Vehicle Theft:432,Malicious Mischief:344,Assault:323",NA,VERY_ABOVE_AVG,VERY_ABOVE_AVG,NA,263.5558776855469,14.0,976.994873046875,36.0,0.0,0.0,No_POI,816.7000122070312,887.9000244140625,0.0,0.0,18.0,55.0,126.0
06075017804,2021-01-02,2025-12-30,1824,4535,1144,3.964160839160839,2.0975948196114707,3482.0,415.54241995798566,0.9450937155457553,3.3369349503858876,0.0,"Larceny Theft:815,Other Miscellaneous:473,Malicious Mischief:442,Assault:365,Burglary:324",NA,VERY_ABOVE_AVG,VERY_ABOVE_AVG,NA,178.375,10.0,608.30859375,52.0,0.0,0.0,No_POI,416.6000061035156,340.5,0.0,0.0,26.0,79.0,186.0
06075012406,2021-01-02,2025-12-30,1824,3345,847,3.949232585596222,2.5112612612612613,1533.0,940.2934727610053,0.9560538116591928,3.1985052316890883,0.0,"Drug Offense:930,Other Miscellaneous:305,Warrant:298,Larceny Theft:277,Assault:233",NA,VERY_ABOVE_AVG,VERY_ABOVE_AVG,NA,64.00433349609375,7.0,788.5626831054688,46.0,0.0,0.0,No_POI,603.4000244140625,153.39999389648438,0.0,1.0,17.0,51.0,118.0
06075012700,2021-01-02,2025-12-30,1824,3419,869,3.934407364787112,2.0834856794637417,4021.0,357.13968867129967,0.8420590816028078,2.0859900555718047,0.0,"Larceny Theft:2333,Malicious Mischief:182,Burglary:123,Other Miscellaneous:116,Non-Criminal:111",NA,VERY_ABOVE_AVG,NEAR_AVG,NA,83.36829376220703,14.0,4493.705078125,0.0,0.0,0.0,No_POI,2815.60009765625,1439.300048828125,0.0,0.0,5.0,16.0,38.0
06075020802,2021-01-02,2025-12-30,1824,4524,1183,3.8241758241758244,2.053563322741716,2523.0,553.2398635846912,0.8941202475685235,3.632404951370469,0.0,"Larceny Theft:519,Assault:472,Other Miscellaneous:405,Non-Criminal:355,Malicious Mischief:321",NA,VERY_ABOVE_AVG,VERY_ABOVE_AVG,NA,11.81544303894043,4.0,304.129638671875,35.0,0.0,0.0,No_POI,123.0,789.2000122070312,1.0,0.0,19.0,57.0,128.0
06075016400,2021-01-02,2025-12-30,1824,4068,1073,3.7912395153774465,1.9567099567099566,4162.0,332.48496470753673,0.7217305801376598,2.0344149459193708,0.0,"Larceny Theft:2457,Malicious Mischief:232,Burglary:162,Motor Vehicle Theft:162,Other Miscellaneous:156",NA,VERY_ABOVE_AVG,NEAR_AVG,NA,9.09424114227295,8.0,2183.46923828125,39.0,0.0,0.0,No_POI,563.5,514.7999877929688,0.0,0.0,15.0,44.0,104.0
06075012301,2021-01-02,2025-12-30,1824,4403,1170,3.763247863247863,1.9824403421882035,1901.0,722.5594266625302,1.0937996820349762,4.653191006132182,0.0,"Assault:676,Larceny Theft:575,Other Miscellaneous:449,Warrant:306,Malicious Mischief:223",NA,VERY_ABOVE_AVG,VERY_ABOVE_AVG,NA,59.52458190917969,6.0,314.2056579589844,46.0,0.0,0.0,No_POI,245.6999969482422,739.2999877929688,1.0,0.0,22.0,67.0,153.0
06075023400,2021-01-02,2025-12-30,1824,4120,1111,3.7083708370837085,2.008776206728425,4039.0,335.12140518335076,1.1009708737864077,5.013106796116505,0.0,"Recovered Vehicle:779,Motor Vehicle Theft:519,Larceny Theft:462,Assault:292,Malicious Mischief:289",NA,ABOVE_AVG,VERY_ABOVE_AVG,NA,198.56417846679688,18.0,4762.9326171875,0.0,0.0,0.0,No_POI,1006.0,2304.300048828125,0.0,0.0,8.0,25.0,60.0
06075017604,2021-01-02,2025-12-30,1824,2766,747,3.7028112449799195,2.5214220601640838,3146.0,429.6014317920123,1.3091106290672452,8.055676066522054,0.0,"Drug Offense:749,Assault:294,Warrant:293,Other Miscellaneous:286,Larceny Theft:165",NA,ABOVE_AVG,VERY_ABOVE_AVG,NA,105.4828872680664,11.0,78.2387466430664,52.0,0.0,0.0,No_POI,378.5,581.2000122070312,0.0,0.0,30.0,85.0,201.0
06075020101,2021-01-02,2025-12-30,1824,3786,1051,3.6022835394862036,2.003174603174603,3924.0,335.0747940653579,1.0641838351822503,4.483095615425251,0.0,"Larceny Theft:713,Assault:341,Malicious Mischief:327,Other Miscellaneous:313,Drug Offense:242",NA,ABOVE_AVG,VERY_ABOVE_AVG,NA,40.357913970947266,7.0,429.0315246582031,45.0,0.0,0.0,No_POI,782.9000244140625,92.0999984741211,0.0,1.0,21.0,60.0,139.0
06075016200,2021-01-02,2025-12-30,1824,4047,1129,3.58458813108946,1.9152863227638428,3230.0,405.06955660918044,0.8356807511737089,2.7706943414875216,0.0,"Larceny Theft:1853,Malicious Mischief:389,Burglary:376,Motor Vehicle Theft:219,Other Miscellaneous:183",NA,ABOVE_AVG,ABOVE_AVG,NA,78.4117431640625,7.0,1245.5960693359375,52.0,0.0,0.0,No_POI,925.7999877929688,416.70001220703125,0.0,0.0,11.0,32.0,78.0
06075012504,2021-01-02,2025-12-30,1824,2823,800,3.52875,2.3101472995090018,612.0,2104.5649509803925,0.7895855472901169,3.3581296493092454,0.0,"Other Miscellaneous:343,Warrant:334,Drug Offense:302,Assault:287,Non-Criminal:226",NA,ABOVE_AVG,VERY_ABOVE_AVG,NA,63.97779846191406,3.0,110.80805969238281,52.0,0.0,0.0,No_POI,298.8999938964844,513.0,1.0,0.0,12.0,34.0,80.0
06075020801,2021-01-02,2025-12-30,1824,3425,977,3.5056294779938586,2.1843112244897958,3743.0,341.852727616286,0.8563503649635037,2.261021897810219,0.0,"Larceny Theft:576,Assault:463,Other Miscellaneous:396,Malicious Mischief:210,Robbery:194",NA,ABOVE_AVG,NEAR_AVG,NA,60.155487060546875,3.0,754.2340087890625,37.0,0.0,0.0,No_POI,545.5,396.20001220703125,0.0,0.0,13.0,40.0,93.0
06075061000,2021-01-02,2025-12-30,1824,3598,1036,3.472972972972973,2.0055741360089185,4890.0,259.2300889846902,0.8073929961089494,2.08810450250139,0.0,"Recovered Vehicle:543,Motor Vehicle Theft:512,Larceny Theft:464,Assault:280,Other Miscellaneous:240",NA,ABOVE_AVG,NEAR_AVG,NA,120.81172943115234,24.0,6590.9404296875,0.0,0.0,0.0,No_POI,1734.5,3110.199951171875,0.0,0.0,7.0,21.0,47.0
06075025100,2021-01-02,2025-12-30,1824,3565,1034,3.4477756286266925,2.076295864880606,3408.0,369.26000717392685,0.8920056100981767,2.5980364656381485,0.0,"Larceny Theft:609,Motor Vehicle Theft:452,Recovered Vehicle:375,Other Miscellaneous:316,Malicious Mischief:277",NA,ABOVE_AVG,ABOVE_AVG,NA,293.3895263671875,14.0,1618.5030517578125,16.0,0.0,0.0,No_POI,1871.800048828125,1716.199951171875,0.0,0.0,13.0,40.0,90.0
06075025300,2021-01-02,2025-12-30,1824,3413,996,3.426706827309237,2.0461630695443644,4545.0,275.1920774406758,0.9900380896571931,3.2648696161734545,0.0,"Larceny Theft:994,Assault:295,Malicious Mischief:291,Other Miscellaneous:281,Burglary:272",NA,ABOVE_AVG,VERY_ABOVE_AVG,NA,279.7884521484375,14.0,1129.9508056640625,16.0,0.0,0.0,No_POI,1812.699951171875,1275.5,0.0,0.0,9.0,26.0,63.0
06075020601,2021-01-02,2025-12-30,1824,3786,1114,3.398563734290844,1.904426559356137,3044.0,407.51503384236463,1.0562599049128367,5.028262017960909,0.0,"Larceny Theft:1078,Assault:371,Other Miscellaneous:295,Malicious Mischief:279,Burglary:237",NA,ABOVE_AVG,VERY_ABOVE_AVG,NA,181.49183654785156,16.0,1235.8077392578125,32.0,0.0,0.0,No_POI,862.9000244140625,1102.300048828125,0.0,0.0,5.0,16.0,39.0
06075061101,2021-01-02,2025-12-30,1824,3545,1049,3.3794089609151574,1.9629014396456257,1861.0,662.8072384384914,0.8753173483779971,3.8645980253878705,0.0,"Larceny Theft:1249,Malicious Mischief:421,Assault:271,Other Miscellaneous:249,Burglary:224",NA,ABOVE_AVG,VERY_ABOVE_AVG,NA,108.30049896240234,12.0,923.3051147460938,40.0,0.0,0.0,No_POI,627.5999755859375,225.5,0.0,1.0,16.0,48.0,107.0
06075025702,2021-01-02,2025-12-30,1824,3648,1082,3.3715341959334566,1.9250659630606861,4153.0,296.3183196522302,1.0123355263157894,5.121710526315789,0.0,"Larceny Theft:804,Motor Vehicle Theft:619,Recovered Vehicle:286,Assault:252,Malicious Mischief:244",NA,ABOVE_AVG,VERY_ABOVE_AVG,NA,86.88776397705078,25.0,3476.815673828125,10.0,0.0,0.0,No_POI,627.7000122070312,2698.5,0.0,0.0,6.0,17.0,40.0
06075023103,2021-01-02,2025-12-30,1824,3060,924,3.311688311688312,2.0675675675675675,4456.0,271.2671081163002,0.9980392156862745,4.523856209150327,0.0,"Assault:393,Larceny Theft:360,Malicious Mischief:268,Motor Vehicle Theft:262,Recovered Vehicle:210",NA,ABOVE_AVG,VERY_ABOVE_AVG,NA,391.9190673828125,36.0,5613.85009765625,0.0,0.0,0.0,No_POI,1736.9000244140625,815.2000122070312,0.0,0.0,11.0,34.0,76.0
06075015500,2021-01-02,2025-12-30,1824,3162,1003,3.152542372881356,1.8017094017094017,3708.0,310.32307607920575,0.6929158760278304,2.032574320050601,0.0,"Larceny Theft:1678,Malicious Mischief:283,Burglary:170,Assault:134,Motor Vehicle Theft:128",NA,NEAR_AVG,NEAR_AVG,NA,147.08717346191406,15.0,2393.97265625,37.0,0.0,0.0,No_POI,568.2000122070312,1203.5999755859375,0.0,0.0,10.0,31.0,72.0
06075012902,2021-01-02,2025-12-30,1824,2813,909,3.094609460946095,1.9575504523312457,3322.0,340.01578965843606,0.7244934233913971,1.8602915037326697,0.0,"Larceny Theft:1036,Burglary:269,Malicious Mischief:206,Assault:189,Other Miscellaneous:188",NA,NEAR_AVG,BELOW_AVG,NA,51.62828063964844,13.0,3165.561767578125,40.0,0.0,0.0,No_POI,2044.199951171875,724.2999877929688,0.0,0.0,7.0,23.0,53.0
06075016900,2021-01-02,2025-12-30,1824,2572,832,3.0913461538461537,1.9693721286370598,3061.0,368.6185384364084,0.6811819595645412,2.020606531881804,0.0,"Larceny Theft:787,Malicious Mischief:251,Burglary:235,Assault:189,Other Miscellaneous:162",NA,NEAR_AVG,NEAR_AVG,NA,154.00393676757812,20.0,1422.47412109375,33.0,0.0,0.0,No_POI,904.0999755859375,707.4000244140625,0.0,0.0,8.0,21.5,50.0
06075017803,2021-01-02,2025-12-30,1824,2989,967,3.0910031023784903,1.9184852374839538,2523.0,447.1724662576888,0.7714954834392773,2.1702910672465707,0.0,"Larceny Theft:710,Motor Vehicle Theft:262,Other Miscellaneous:248,Assault:242,Malicious Mischief:232",NA,NEAR_AVG,NEAR_AVG,NA,115.54341125488281,6.0,917.932861328125,52.0,0.0,0.0,No_POI,400.0,210.5,0.0,1.0,21.0,65.0,150.0
06075010702,2021-01-02,2025-12-30,1824,2722,883,3.0826727066817665,2.0359012715033655,1458.0,771.7253346631309,0.520940484937546,1.3813372520205731,0.0,"Larceny Theft:397,Non-Criminal:342,Courtesy Report:298,Lost Property:283,Missing Person:218",NA,NEAR_AVG,VERY_BELOW_AVG,NA,152.47813415527344,11.0,1818.2574462890625,40.0,0.0,0.0,No_POI,43.400001525878906,728.2999877929688,1.0,0.0,4.0,13.0,32.0
06075030900,2021-01-02,2025-12-30,1824,2994,973,3.0770811921891057,1.886578449905482,6627.0,169.4785929001092,0.7207748830995324,1.4953239812959251,0.0,"Larceny Theft:1069,Burglary:273,Malicious Mischief:233,Other Miscellaneous:209,Motor Vehicle Theft:178",NA,NEAR_AVG,VERY_BELOW_AVG,NA,392.3269958496094,46.0,3154.1865234375,16.0,0.0,0.0,No_POI,2053.199951171875,2601.800048828125,0.0,0.0,10.0,32.0,73.0
06075026100,2021-01-02,2025-12-30,1824,3064,1003,3.0548354935194415,1.9343434343434343,6879.0,162.0896867472883,0.7327023498694517,1.483028720626632,0.0,"Larceny Theft:644,Motor Vehicle Theft:305,Other Miscellaneous:305,Assault:283,Malicious Mischief:235",NA,NEAR_AVG,VERY_BELOW_AVG,NA,204.17503356933594,26.0,750.4625244140625,20.0,0.0,0.0,No_POI,667.9000244140625,3152.10009765625,0.0,0.0,6.0,18.0,42.0
06075023001,2021-01-02,2025-12-30,1824,2872,943,3.04559915164369,1.9471186440677966,5719.0,194.3772845514857,0.786908077994429,2.6807103064066853,0.0,"Motor Vehicle Theft:409,Larceny Theft:395,Recovered Vehicle:382,Assault:272,Other Miscellaneous:212",NA,NEAR_AVG,ABOVE_AVG,NA,185.97325134277344,20.0,3434.501220703125,10.0,0.0,0.0,No_POI,795.2999877929688,2080.300048828125,0.0,0.0,14.0,45.0,102.0
06075020300,2021-01-02,2025-12-30,1824,2873,950,3.0242105263157897,1.9102393617021276,3474.0,317.74232645517077,0.9216846501914375,3.3397145840584757,0.0,"Larceny Theft:915,Burglary:293,Malicious Mischief:258,Other Miscellaneous:214,Assault:190",NA,NEAR_AVG,VERY_ABOVE_AVG,NA,130.11370849609375,19.0,1251.748046875,33.0,0.0,0.0,No_POI,719.0999755859375,893.9000244140625,0.0,0.0,9.0,27.0,65.0
06075023300,2021-01-02,2025-12-30,1824,2619,869,3.013808975834292,1.9855951478392722,3950.0,278.4912091593713,0.51508209240168,1.32569683085147,0.0,"Larceny Theft:377,Motor Vehicle Theft:206,Recovered Vehicle:180,Assault:177,Non-Criminal:172",NA,NEAR_AVG,VERY_BELOW_AVG,NA,396.40936279296875,14.0,4097.30517578125,4.0,0.0,0.0,No_POI,215.89999389648438,2173.300048828125,1.0,0.0,15.0,43.0,97.0
06075011102,2021-01-02,2025-12-30,1824,2976,990,3.006060606060606,1.8716981132075472,2218.0,494.6853567232287,0.6004704301075269,1.537970430107527,0.0,"Larceny Theft:1149,Malicious Mischief:308,Assault:201,Burglary:186,Motor Vehicle Theft:178",NA,NEAR_AVG,VERY_BELOW_AVG,NA,59.030479431152344,7.0,1487.7335205078125,46.0,0.0,0.0,No_POI,929.9000244140625,859.2999877929688,0.0,0.0,7.0,20.0,49.0
06075016802,2021-01-02,2025-12-30,1824,2832,951,2.9779179810725553,1.9006711409395973,3807.0,285.5109175443874,0.6878531073446328,1.7450564971751412,0.0,"Larceny Theft:793,Malicious Mischief:265,Burglary:263,Motor Vehicle Theft:211,Assault:204",NA,NEAR_AVG,BELOW_AVG,NA,142.25259399414062,6.0,1185.780029296875,48.0,0.0,0.0,No_POI,1031.5,213.10000610351562,0.0,1.0,20.0,61.0,140.0
06075061200,2021-01-02,2025-12-30,1824,2493,839,2.971394517282479,1.9707509881422924,4006.0,270.73364922818394,0.8259125551544324,3.392298435619735,0.0,"Larceny Theft:304,Motor Vehicle Theft:294,Assault:242,Other Miscellaneous:210,Malicious Mischief:174",NA,NEAR_AVG,VERY_ABOVE_AVG,NA,22.071430206298828,26.0,3914.589111328125,6.0,0.0,0.0,No_POI,1042.199951171875,1120.0999755859375,0.0,0.0,13.0,39.0,90.0
06075012203,2021-01-02,2025-12-30,1824,1772,598,2.963210702341137,2.248730964467005,1763.0,613.4837812561061,0.587471783295711,2.3527088036117383,0.0,"Drug Offense:396,Assault:196,Other Miscellaneous:147,Larceny Theft:147,Warrant:124",NA,NEAR_AVG,NEAR_AVG,NA,92.15718841552734,3.0,956.7371215820312,46.0,0.0,0.0,No_POI,449.29998779296875,406.29998779296875,0.0,0.0,15.0,44.0,101.0
06075012001,2021-01-02,2025-12-30,1824,2378,803,2.9613947696139475,1.9932942162615255,1912.0,565.3290224419931,0.6038687973086627,1.9835996635828428,0.0,"Larceny Theft:640,Assault:280,Other Miscellaneous:202,Malicious Mischief:199,Burglary:136",NA,NEAR_AVG,BELOW_AVG,NA,110.50594329833984,8.0,1337.9068603515625,46.0,0.0,0.0,No_POI,740.9000244140625,724.9000244140625,0.0,0.0,6.0,17.0,40.0
06075010600,2021-01-02,2025-12-30,1824,2566,867,2.959630911188005,1.9366037735849058,3197.0,337.89968175903084,0.9505066250974279,3.630943102104443,0.0,"Larceny Theft:583,Assault:318,Malicious Mischief:236,Other Miscellaneous:214,Burglary:173",NA,NEAR_AVG,VERY_ABOVE_AVG,NA,31.368959426879883,17.0,1096.882080078125,40.0,0.0,0.0,No_POI,344.8999938964844,369.29998779296875,0.0,0.0,10.0,29.0,70.0
06075012302,2021-01-02,2025-12-30,1824,2409,816,2.952205882352941,2.044991511035654,2614.0,412.2246163193663,0.7812370278123703,2.096305520963055,0.0,"Larceny Theft:555,Assault:246,Other Miscellaneous:200,Malicious Mischief:191,Burglary:160",NA,NEAR_AVG,NEAR_AVG,NA,98.2820816040039,10.0,713.1002807617188,46.0,0.0,0.0,No_POI,392.3999938964844,762.7000122070312,0.0,0.0,17.0,51.0,116.0
06075022901,2021-01-02,2025-12-30,1824,2199,751,2.9280958721704393,2.0982824427480917,4386.0,243.67418908851124,0.7307867212369259,1.8203728967712596,0.0,"Larceny Theft:298,Assault:269,Malicious Mischief:203,Other Miscellaneous:180,Motor Vehicle Theft:154",NA,NEAR_AVG,BELOW_AVG,NA,198.98133850097656,13.0,546.408447265625,18.0,0.0,0.0,No_POI,1426.800048828125,743.5,0.0,0.0,7.0,19.0,45.0
06075023102,2021-01-02,2025-12-30,1824,2180,747,2.9183400267737616,2.056603773584906,3569.0,298.4573017014354,0.6490825688073395,1.8123853211009173,0.0,"Assault:251,Larceny Theft:250,Malicious Mischief:203,Motor Vehicle Theft:179,Recovered Vehicle:149",NA,NEAR_AVG,BELOW_AVG,NA,110.65857696533203,29.0,4608.57763671875,0.0,0.0,0.0,No_POI,1306.4000244140625,839.7000122070312,0.0,0.0,12.0,37.0,85.0
06075010201,2021-01-02,2025-12-30,1824,2264,777,2.9137709137709136,1.958477508650519,2473.0,430.05514901996906,0.5817137809187279,1.6020318021201414,0.0,"Larceny Theft:1434,Malicious Mischief:110,Non-Criminal:105,Motor Vehicle Theft:102,Burglary:101",NA,NEAR_AVG,BELOW_AVG,NA,189.78465270996094,10.0,2788.744384765625,40.0,0.0,0.0,No_POI,983.7000122070312,815.7999877929688,0.0,0.0,8.0,27.5,64.0
06075060502,2021-01-02,2025-12-30,1824,1647,569,2.8945518453427064,2.231707317073171,3361.0,314.3443688039535,0.9162112932604736,2.234365513054038,0.0,"Assault:233,Motor Vehicle Theft:147,Malicious Mischief:143,Larceny Theft:128,Recovered Vehicle:122",NA,NEAR_AVG,NEAR_AVG,NA,185.2927703857422,9.0,3344.523193359375,13.0,0.0,0.0,No_POI,2733.39990234375,4896.7001953125,0.0,0.0,2.0,7.0,16.0
06075033201,2021-01-02,2025-12-30,1824,2396,828,2.893719806763285,1.8516228748068007,3730.0,283.1656111175868,0.8518363939899833,3.782136894824708,0.0,"Larceny Theft:1316,Other Miscellaneous:169,Malicious Mischief:118,Fraud:111,Assault:105",NA,NEAR_AVG,VERY_ABOVE_AVG,NA,78.64920806884766,24.0,3057.063232421875,16.0,0.0,0.0,No_POI,1598.0,2592.199951171875,0.0,0.0,4.0,11.0,28.0
06075031201,2021-01-02,2025-12-30,1824,2407,836,2.8791866028708135,1.9521492295214924,6341.0,165.73144772872527,0.8670544245949314,2.4511840465309516,0.0,"Larceny Theft:711,Malicious Mischief:243,Assault:219,Motor Vehicle Theft:204,Fraud:149",NA,NEAR_AVG,NEAR_AVG,NA,179.9745635986328,26.0,1492.30908203125,20.0,0.0,0.0,No_POI,963.5,2683.0,0.0,0.0,4.0,15.0,35.0
06075015801,2021-01-02,2025-12-30,1824,2416,843,2.8659549228944248,1.9312549960031975,3394.0,308.21259483101505,0.7632450331125827,2.0256622516556293,0.0,"Larceny Theft:625,Motor Vehicle Theft:182,Malicious Mischief:173,Assault:159,Burglary:147",NA,NEAR_AVG,NEAR_AVG,NA,149.17208862304688,14.0,2302.197509765625,37.0,0.0,0.0,No_POI,445.79998779296875,916.7000122070312,0.0,0.0,10.0,29.0,68.0
06075017903,2021-01-02,2025-12-30,1824,2080,727,2.861072902338377,1.982840800762631,3136.0,333.0011509418072,1.3865384615384615,10.670192307692307,0.0,"Larceny Theft:279,Assault:248,Malicious Mischief:189,Burglary:189,Other Miscellaneous:141",NA,NEAR_AVG,VERY_ABOVE_AVG,NA,2728.244873046875,13.0,4734.85205078125,0.0,0.0,0.0,No_POI,4430.5,394.5,0.0,0.0,0.0,0.0,0.0
06075012100,2021-01-02,2025-12-30,1824,2429,854,2.8442622950819674,1.9715909090909092,3513.0,295.5182857116191,0.7319884726224783,2.051461506792919,0.0,"Larceny Theft:558,Malicious Mischief:209,Other Miscellaneous:181,Burglary:179,Assault:176",NA,NEAR_AVG,NEAR_AVG,NA,10.59768295288086,12.0,805.3585815429688,46.0,0.0,0.0,No_POI,535.5,896.5999755859375,0.0,0.0,18.0,56.0,129.0
06075016102,2021-01-02,2025-12-30,1824,2073,729,2.843621399176955,2.0145772594752187,2618.0,396.4560010311645,0.8649300530631935,2.8803666184274,0.0,"Larceny Theft:323,Assault:240,Other Miscellaneous:205,Malicious Mischief:182,Motor Vehicle Theft:146",NA,NEAR_AVG,ABOVE_AVG,NA,192.11993408203125,6.0,1208.833740234375,52.0,0.0,0.0,No_POI,469.70001220703125,553.5,0.0,0.0,11.0,32.0,76.0
06075017801,2021-01-02,2025-12-30,1824,2612,919,2.8422198041349294,1.8996363636363636,3582.0,289.6175958987296,0.6990811638591118,1.8924196018376722,0.0,"Larceny Theft:831,Malicious Mischief:252,Assault:197,Burglary:185,Other Miscellaneous:172",NA,NEAR_AVG,BELOW_AVG,NA,43.54697036743164,7.0,609.0900268554688,46.0,0.0,0.0,No_POI,605.7000122070312,669.5,0.0,0.0,27.0,85.0,193.5
06075016000,2021-01-02,2025-12-30,1824,2181,775,2.8141935483870966,1.9182058047493404,2460.0,417.55310778914236,0.7372764786795049,2.5974323704722604,0.0,"Larceny Theft:642,Motor Vehicle Theft:188,Other Miscellaneous:179,Malicious Mischief:172,Assault:93",NA,NEAR_AVG,ABOVE_AVG,NA,115.98590087890625,3.0,1068.52880859375,46.0,0.0,0.0,No_POI,864.0,245.3000030517578,0.0,1.0,21.0,63.0,143.0
06075061401,2021-01-02,2025-12-30,1824,1881,670,2.807462686567164,1.9989373007438895,2989.0,342.8316763456055,0.8437001594896332,2.8670919723551305,0.0,"Larceny Theft:360,Motor Vehicle Theft:247,Malicious Mischief:158,Assault:140,Recovered Vehicle:135",NA,NEAR_AVG,ABOVE_AVG,NA,92.17733764648438,23.0,2222.61279296875,21.0,0.0,0.0,No_POI,1648.0,1905.199951171875,0.0,0.0,13.0,39.0,86.0
06075030800,2021-01-02,2025-12-30,1824,2101,749,2.8050734312416554,1.9653882132834424,5907.0,173.32855974322064,0.820561637315564,2.3284150404569255,0.0,"Larceny Theft:561,Burglary:274,Malicious Mischief:187,Motor Vehicle Theft:152,Other Miscellaneous:135",NA,NEAR_AVG,NEAR_AVG,NA,266.52191162109375,46.0,3516.1650390625,9.0,0.0,0.0,No_POI,1276.9000244140625,1285.5999755859375,0.0,0.0,7.0,20.0,48.0
06075047600,2021-01-02,2025-12-30,1824,2154,768,2.8046875,1.9546279491833032,5121.0,199.90449863307947,0.6662024141132776,1.9480037140204272,0.0,"Larceny Theft:611,Other Miscellaneous:228,Burglary:222,Malicious Mischief:163,Motor Vehicle Theft:132",NA,NEAR_AVG,BELOW_AVG,NA,128.59156799316406,14.0,6446.13818359375,0.0,0.0,0.0,No_POI,952.0999755859375,3092.800048828125,0.0,0.0,8.0,24.0,59.0
06075016601,2021-01-02,2025-12-30,1824,2214,790,2.80253164556962,1.8667790893760539,3202.0,319.4641007598099,1.4146341463414633,11.728545618789521,0.0,"Larceny Theft:1009,Malicious Mischief:192,Assault:133,Other Miscellaneous:100,Motor Vehicle Theft:98",NA,NEAR_AVG,VERY_ABOVE_AVG,NA,69.30252838134766,11.0,3054.246826171875,22.0,0.0,0.0,No_POI,866.2999877929688,580.0999755859375,0.0,0.0,10.0,34.0,79.0
06075061507,2021-01-02,2025-12-30,1824,2152,768,2.8020833333333335,1.8993821712268315,1772.0,577.1785647103086,0.7620817843866171,2.6607806691449816,0.0,"Larceny Theft:910,Malicious Mischief:286,Other Miscellaneous:120,Burglary:98,Motor Vehicle Theft:87",NA,NEAR_AVG,ABOVE_AVG,NA,500.5854187011719,23.0,1308.550537109375,40.0,0.0,0.0,No_POI,1548.800048828125,309.6000061035156,0.0,0.0,19.0,58.0,136.0
06075025200,2021-01-02,2025-12-30,1824,2286,817,2.7980416156670747,1.8525121555915722,5457.0,187.1513999850618,0.7379702537182852,1.8447069116360455,0.0,"Larceny Theft:551,Motor Vehicle Theft:343,Burglary:216,Malicious Mischief:209,Assault:120",NA,NEAR_AVG,BELOW_AVG,NA,33.006935119628906,19.0,1699.917236328125,16.0,0.0,0.0,No_POI,2125.89990234375,1324.0999755859375,0.0,0.0,12.0,36.0,83.0
06075020202,2021-01-02,2025-12-30,1824,2108,755,2.7920529801324503,2.040658276863504,4113.0,247.77518544817514,0.551707779886148,1.1418406072106262,0.0,"Larceny Theft:443,Burglary:254,Motor Vehicle Theft:232,Malicious Mischief:163,Other Miscellaneous:158",NA,NEAR_AVG,VERY_BELOW_AVG,NA,256.0660095214844,3.0,707.3070068359375,43.0,0.0,0.0,No_POI,721.4000244140625,277.79998779296875,0.0,1.0,15.0,43.0,96.0
06075060702,2021-01-02,2025-12-30,1824,1973,707,2.7906647807637905,1.9515331355093966,1945.0,523.6980179839504,0.8474404460212874,3.036492650785606,0.0,"Larceny Theft:603,Malicious Mischief:222,Burglary:180,Motor Vehicle Theft:173,Other Miscellaneous:155",NA,NEAR_AVG,VERY_ABOVE_AVG,NA,259.0037841796875,17.0,2155.14306640625,52.0,0.0,0.0,No_POI,403.3999938964844,797.0,0.0,0.0,22.0,71.0,159.0
06075022600,2021-01-02,2025-12-30,1824,2538,910,2.789010989010989,1.8827893175074184,3849.0,264.48142660145777,0.6993695823483057,2.354609929078014,0.0,"Larceny Theft:746,Motor Vehicle Theft:295,Burglary:250,Malicious Mischief:188,Assault:156",NA,NEAR_AVG,NEAR_AVG,NA,432.06256103515625,21.0,3914.128662109375,26.0,0.0,0.0,No_POI,905.4000244140625,1094.699951171875,0.0,0.0,12.0,36.0,86.5
06075022903,2021-01-02,2025-12-30,1824,1956,707,2.7666195190947667,1.9697885196374623,2850.0,354.32144718231217,0.6503067484662577,1.4657464212678937,0.0,"Larceny Theft:475,Motor Vehicle Theft:218,Malicious Mischief:199,Assault:170,Other Miscellaneous:136",NA,NEAR_AVG,VERY_BELOW_AVG,NA,168.0118408203125,13.0,1156.958740234375,26.0,0.0,0.0,No_POI,1790.9000244140625,1325.699951171875,0.0,0.0,10.0,31.0,72.0
06075016101,2021-01-02,2025-12-30,1824,2029,735,2.760544217687075,1.9892156862745098,2355.0,427.85504860118147,0.558896007885658,1.7747658945293248,0.0,"Non-Criminal:298,Larceny Theft:229,Missing Person:188,Assault:178,Fraud:136",NA,NEAR_AVG,BELOW_AVG,NA,41.02280044555664,7.0,1957.4744873046875,39.0,0.0,0.0,No_POI,28.399999618530273,995.4000244140625,1.0,0.0,11.0,35.0,81.0
06075016500,2021-01-02,2025-12-30,1824,2279,833,2.7358943577430974,1.854353132628153,5317.0,187.81294725902399,0.7428696796840719,1.704256252742431,0.0,"Larceny Theft:498,Missing Person:311,Burglary:222,Malicious Mischief:168,Motor Vehicle Theft:165",NA,NEAR_AVG,BELOW_AVG,NA,194.5132598876953,15.0,2908.08349609375,28.0,0.0,0.0,No_POI,960.5999755859375,650.2000122070312,0.0,0.0,9.0,28.0,69.0
06075015202,2021-01-02,2025-12-30,1824,2093,769,2.7217165149544864,1.899274047186933,2212.0,449.1078336159075,0.5542283803153368,1.438604873387482,0.0,"Larceny Theft:958,Burglary:236,Malicious Mischief:160,Other Miscellaneous:124,Motor Vehicle Theft:91",NA,NEAR_AVG,VERY_BELOW_AVG,NA,33.03017044067383,6.0,2409.58203125,44.0,0.0,0.0,No_POI,817.0999755859375,1326.699951171875,0.0,0.0,5.0,17.0,39.0
06075060703,2021-01-02,2025-12-30,1824,2021,747,2.7054886211512716,1.9048067860508955,6256.0,157.84900043481684,0.6397822859970311,1.627906976744186,0.0,"Larceny Theft:408,Other Miscellaneous:215,Assault:195,Burglary:174,Malicious Mischief:120",NA,NEAR_AVG,BELOW_AVG,NA,56.98093795776367,14.0,1910.8270263671875,51.0,0.0,0.0,No_POI,595.7000122070312,524.4000244140625,0.0,0.0,11.0,35.0,78.0
06075012801,2021-01-02,2025-12-30,1824,1498,554,2.703971119133574,2.0633608815426996,2591.0,380.9144957482649,0.6214953271028038,1.5767690253671562,0.0,"Larceny Theft:394,Burglary:185,Other Miscellaneous:150,Malicious Mischief:131,Motor Vehicle Theft:94",NA,NEAR_AVG,BELOW_AVG,NA,163.687744140625,9.0,3996.7548828125,10.0,0.0,0.0,No_POI,2237.199951171875,1469.5,0.0,0.0,5.0,18.0,39.0
06075011101,2021-01-02,2025-12-30,1824,1567,581,2.6970740103270225,2.0672823218997363,2502.0,393.45803907648417,0.9470325462667517,2.801531589023612,0.0,"Larceny Theft:408,Malicious Mischief:139,Burglary:136,Other Miscellaneous:131,Assault:131",NA,NEAR_AVG,ABOVE_AVG,NA,48.400184631347656,17.0,1756.2054443359375,46.0,0.0,0.0,No_POI,1016.7999877929688,1034.199951171875,0.0,0.0,7.0,21.0,47.0
06075021000,2021-01-02,2025-12-30,1824,2235,833,2.6830732292917165,1.8940677966101696,3820.0,256.3669446836326,0.5619686800894854,1.0411633109619687,0.0,"Larceny Theft:491,Burglary:271,Motor Vehicle Theft:184,Malicious Mischief:179,Other Miscellaneous:168",NA,NEAR_AVG,VERY_BELOW_AVG,NA,104.32637023925781,4.0,512.8849487304688,21.0,0.0,0.0,No_POI,1250.0999755859375,418.5,0.0,0.0,11.0,33.0,79.0
06075022802,2021-01-02,2025-12-30,1824,1636,610,2.681967213114754,2.002447980416157,2369.0,413.21993785854164,0.4553789731051345,1.0378973105134475,0.0,"Larceny Theft:306,Assault:179,Other Miscellaneous:146,Motor Vehicle Theft:126,Malicious Mischief:120",NA,NEAR_AVG,VERY_BELOW_AVG,NA,69.2864990234375,10.0,1426.4320068359375,43.0,0.0,0.0,No_POI,1438.4000244140625,1307.4000244140625,0.0,0.0,15.0,45.0,104.0
06075016300,2021-01-02,2025-12-30,1824,2180,813,2.6814268142681428,1.8381112984822934,3942.0,248.28026058038358,0.691743119266055,1.4903669724770643,0.0,"Larceny Theft:596,Malicious Mischief:189,Motor Vehicle Theft:181,Burglary:151,Assault:132",NA,NEAR_AVG,VERY_BELOW_AVG,NA,131.7132110595703,12.0,1515.830078125,50.0,0.0,0.0,No_POI,552.9000244140625,652.5999755859375,0.0,0.0,13.0,39.0,89.5
06075016801,2021-01-02,2025-12-30,1824,1869,698,2.677650429799427,1.9448491155046825,3898.0,250.72919622288117,0.5869448903156769,1.2397003745318351,0.0,"Larceny Theft:639,Burglary:173,Malicious Mischief:153,Assault:124,Motor Vehicle Theft:115",NA,NEAR_AVG,VERY_BELOW_AVG,NA,27.679298400878906,12.0,1157.302490234375,43.0,0.0,0.0,No_POI,1011.5,476.29998779296875,0.0,0.0,11.0,32.0,74.0
06075033203,2021-01-02,2025-12-30,1824,2254,842,2.676959619952494,1.8340113913751017,3313.0,294.92612776415945,0.5057675244010648,1.398846495119787,0.0,"Larceny Theft:570,Motor Vehicle Theft:264,Malicious Mischief:182,Assault:134,Offences Against The Family And Children:109",NA,NEAR_AVG,VERY_BELOW_AVG,NA,188.7796173095703,13.0,1527.594970703125,16.0,0.0,0.0,No_POI,2879.10009765625,3994.800048828125,0.0,0.0,5.0,14.0,33.0
06075022704,2021-01-02,2025-12-30,1824,2013,753,2.6733067729083664,1.863888888888889,3716.0,262.58260821085946,0.47540983606557374,1.0973671137605563,0.0,"Larceny Theft:600,Burglary:233,Motor Vehicle Theft:228,Malicious Mischief:145,Recovered Vehicle:110",NA,NEAR_AVG,VERY_BELOW_AVG,NA,84.81639862060547,12.0,2240.485595703125,35.0,0.0,0.0,No_POI,1123.0999755859375,1373.9000244140625,0.0,0.0,12.0,38.0,88.0
06075031100,2021-01-02,2025-12-30,1824,1702,637,2.671899529042386,1.9102132435465768,6286.0,155.14529559345706,0.6698002350176263,1.2890716803760283,0.0,"Larceny Theft:441,Motor Vehicle Theft:207,Burglary:161,Malicious Mischief:136,Other Miscellaneous:95",NA,NEAR_AVG,VERY_BELOW_AVG,NA,196.6654815673828,27.0,1419.6444091796875,14.0,0.0,0.0,No_POI,662.2000122070312,1925.800048828125,0.0,0.0,9.0,27.0,66.0
06075025502,2021-01-02,2025-12-30,1824,1807,680,2.6573529411764705,1.987898789878988,3846.0,252.19288183292036,0.5744327614831212,0.9369120088544549,0.0,"Larceny Theft:389,Motor Vehicle Theft:251,Other Miscellaneous:125,Burglary:115,Assault:113",NA,NEAR_AVG,VERY_BELOW_AVG,NA,353.9375915527344,21.0,676.355224609375,19.0,0.0,0.0,No_POI,1340.300048828125,2582.5,0.0,0.0,6.0,18.0,43.0
06075015702,2021-01-02,2025-12-30,1824,1931,727,2.656121045392022,1.8567307692307693,3273.0,296.206593818542,0.6903158984981874,1.7509062661833248,0.0,"Larceny Theft:625,Motor Vehicle Theft:165,Burglary:155,Malicious Mischief:117,Assault:109",NA,NEAR_AVG,BELOW_AVG,NA,198.9710693359375,11.0,3320.182373046875,22.0,0.0,0.0,No_POI,1065.5,850.5,0.0,0.0,7.0,21.0,52.0
06075045100,2021-01-02,2025-12-30,1824,2167,816,2.655637254901961,1.861683848797251,4838.0,200.3529553615576,0.5666820489155514,1.2316566682048915,0.0,"Larceny Theft:355,Non-Criminal:231,Missing Person:215,Burglary:170,Miscellaneous Investigation:132",NA,NEAR_AVG,VERY_BELOW_AVG,NA,102.46554565429688,14.0,5152.0751953125,0.0,0.0,0.0,No_POI,238.60000610351562,2025.5,1.0,0.0,8.0,24.0,56.0
06075047904,2021-01-02,2025-12-30,1824,1694,638,2.6551724137931036,1.956120092378753,3145.0,308.1519653527767,0.7709563164108618,2.7733175914994095,0.0,"Larceny Theft:767,Motor Vehicle Theft:110,Malicious Mischief:108,Other Miscellaneous:93,Recovered Vehicle:76",NA,NEAR_AVG,ABOVE_AVG,NA,210.97659301757812,11.0,9183.9775390625,0.0,0.0,0.0,No_POI,3975.800048828125,5154.7998046875,0.0,0.0,8.0,23.0,53.0
06075012802,2021-01-02,2025-12-30,1824,2151,811,2.652281134401973,1.8090832632464255,2027.0,477.5937908518599,0.7508135750813575,2.7531380753138075,0.0,"Larceny Theft:1023,Burglary:195,Malicious Mischief:166,Assault:129,Other Miscellaneous:106",NA,NEAR_AVG,ABOVE_AVG,NA,101.36917877197266,10.0,3845.76904296875,21.0,0.0,0.0,No_POI,2152.89990234375,1081.9000244140625,0.0,0.0,7.0,20.0,47.0
06075026004,2021-01-02,2025-12-30,1824,1636,618,2.647249190938511,2.002447980416157,3839.0,251.69209551772767,0.6815403422982885,1.6057457212713937,0.0,"Larceny Theft:484,Other Miscellaneous:153,Motor Vehicle Theft:139,Malicious Mischief:124,Assault:94",NA,NEAR_AVG,BELOW_AVG,NA,219.39361572265625,3.0,1599.245361328125,20.0,0.0,0.0,No_POI,1040.199951171875,3401.89990234375,0.0,0.0,5.0,14.0,33.0
06075012404,2021-01-02,2025-12-30,1824,1213,459,2.6427015250544663,2.177737881508079,2586.0,373.0031154852592,1.037098103874691,4.96042868920033,0.0,"Assault:142,Other Miscellaneous:134,Warrant:122,Larceny Theft:121,Drug Offense:82",NA,NEAR_AVG,VERY_ABOVE_AVG,NA,106.44890594482422,2.0,336.1583557128906,46.0,0.0,0.0,No_POI,139.8000030517578,416.8999938964844,1.0,0.0,28.0,79.0,190.0
06075020402,2021-01-02,2025-12-30,1824,1688,644,2.62111801242236,1.8734739178690345,4169.0,229.4814282883573,0.31990521327014215,0.5859004739336493,0.0,"Larceny Theft:774,Motor Vehicle Theft:155,Burglary:147,Malicious Mischief:116,Fraud:72",NA,NEAR_AVG,VERY_BELOW_AVG,NA,39.48676681518555,19.0,2526.001220703125,16.0,0.0,0.0,No_POI,957.0,972.9000244140625,0.0,0.0,5.0,15.0,36.0
06075061503,2021-01-02,2025-12-30,1824,2006,767,2.6153846153846154,1.8574074074074074,3205.0,297.85191407656305,0.6306081754735793,2.1231306081754737,0.0,"Larceny Theft:567,Malicious Mischief:183,Burglary:159,Assault:157,Other Miscellaneous:152",NA,NEAR_AVG,NEAR_AVG,NA,150.74330139160156,5.0,605.5646362304688,46.0,0.0,0.0,No_POI,1040.4000244140625,418.70001220703125,0.0,0.0,16.0,49.0,113.0
06075026301,2021-01-02,2025-12-30,1824,1643,630,2.607936507936508,1.9582836710369487,5345.0,178.09108052326013,0.8314059646987219,3.0474741326841146,0.0,"Larceny Theft:376,Assault:171,Motor Vehicle Theft:168,Malicious Mischief:129,Other Miscellaneous:123",NA,NEAR_AVG,VERY_ABOVE_AVG,NA,115.60108184814453,9.0,1235.98583984375,20.0,0.0,0.0,No_POI,1177.0,3683.199951171875,0.0,0.0,5.0,14.0,33.0
06075021800,2021-01-02,2025-12-30,1824,1609,617,2.607779578606159,1.9315726290516206,4121.0,230.97295466907252,0.5500310752019888,1.0795525170913611,0.0,"Larceny Theft:401,Motor Vehicle Theft:203,Burglary:187,Malicious Mischief:131,Other Miscellaneous:78",NA,NEAR_AVG,VERY_BELOW_AVG,NA,12.01132583618164,29.0,1029.8089599609375,25.0,0.0,0.0,No_POI,1285.199951171875,2220.300048828125,0.0,0.0,9.0,29.0,65.0
06075025900,2021-01-02,2025-12-30,1824,1775,682,2.602639296187683,1.8963675213675213,4128.0,230.12677885380432,0.49633802816901407,1.1194366197183099,0.0,"Larceny Theft:441,Motor Vehicle Theft:283,Malicious Mischief:149,Recovered Vehicle:116,Assault:102",NA,NEAR_AVG,VERY_BELOW_AVG,NA,33.53709030151367,20.0,3354.3662109375,4.0,0.0,0.0,No_POI,1332.5,3411.10009765625,0.0,0.0,5.0,16.0,37.0
06075020500,2021-01-02,2025-12-30,1824,1816,702,2.5868945868945867,1.8896982310093653,2970.0,317.9180216217253,0.762114537444934,3.3777533039647576,0.0,"Larceny Theft:446,Burglary:165,Malicious Mischief:161,Assault:158,Other Miscellaneous:143",NA,BELOW_AVG,VERY_ABOVE_AVG,NA,118.090576171875,16.0,1963.316650390625,26.0,0.0,0.0,No_POI,1278.5999755859375,1449.199951171875,0.0,0.0,10.0,31.0,73.0
06075012602,2021-01-02,2025-12-30,1824,1745,676,2.581360946745562,1.9112814895947425,2768.0,340.38899767417996,0.6292263610315186,2.002292263610315,0.0,"Larceny Theft:607,Other Miscellaneous:146,Burglary:139,Non-Criminal:122,Malicious Mischief:116",NA,BELOW_AVG,BELOW_AVG,NA,204.73402404785156,9.0,4447.4375,0.0,0.0,0.0,No_POI,2173.699951171875,343.0,0.0,0.0,8.0,23.0,58.0
06075015100,2021-01-02,2025-12-30,1824,1711,668,2.561377245508982,1.9311512415349887,2799.0,334.01310990024234,0.5312682641729982,1.0309760374050263,0.0,"Larceny Theft:608,Malicious Mischief:168,Other Miscellaneous:148,Burglary:138,Motor Vehicle Theft:107",NA,BELOW_AVG,VERY_BELOW_AVG,NA,187.843994140625,3.0,1738.8546142578125,46.0,0.0,0.0,No_POI,1032.199951171875,738.7999877929688,0.0,0.0,19.0,58.0,134.0
06075012002,2021-01-02,2025-12-30,1824,1403,549,2.5555555555555554,2.0158045977011496,2102.0,443.7572682101702,0.9593727726300784,2.947255880256593,0.0,"Larceny Theft:253,Assault:169,Malicious Mischief:136,Other Miscellaneous:117,Burglary:86",NA,BELOW_AVG,VERY_ABOVE_AVG,NA,40.60986328125,2.0,1089.82666015625,46.0,0.0,0.0,No_POI,593.7999877929688,641.0999755859375,0.0,0.0,14.0,44.0,97.0
06075016602,2021-01-02,2025-12-30,1824,1451,568,2.5545774647887325,1.8771021992238033,2098.0,444.4331623679158,0.7505168849069607,2.5561681598897312,0.0,"Larceny Theft:725,Malicious Mischief:108,Assault:88,Other Miscellaneous:68,Motor Vehicle Theft:62",NA,BELOW_AVG,ABOVE_AVG,NA,81.80797576904297,6.0,3538.89111328125,6.0,0.0,0.0,No_POI,452.8999938964844,981.4000244140625,0.0,0.0,7.0,21.0,51.0
06075032801,2021-01-02,2025-12-30,1824,1733,680,2.5485294117647057,1.8735135135135135,3831.0,242.81212093294639,0.32487016733987306,0.534333525678015,0.0,"Larceny Theft:274,Non-Criminal:245,Fraud:195,Motor Vehicle Theft:112,Malicious Mischief:106",NA,BELOW_AVG,VERY_BELOW_AVG,NA,127.53758239746094,10.0,5193.97509765625,0.0,0.0,0.0,No_POI,162.0,1837.300048828125,1.0,0.0,4.0,14.0,33.0
06075030202,2021-01-02,2025-12-30,1824,1799,707,2.5445544554455446,1.7551219512195122,4209.0,220.6610539885065,0.7031684269038355,2.175653140633685,0.0,"Larceny Theft:642,Burglary:232,Missing Person:146,Malicious Mischief:134,Motor Vehicle Theft:98",NA,BELOW_AVG,NEAR_AVG,NA,146.31253051757812,18.0,5277.234375,0.0,0.0,0.0,No_POI,1065.4000244140625,1714.699951171875,0.0,0.0,5.0,18.0,44.0
06075022803,2021-01-02,2025-12-30,1824,1637,647,2.530139103554869,1.8968713789107763,4430.0,208.4651857330761,0.6377519853390348,1.1912034208918754,0.0,"Larceny Theft:330,Motor Vehicle Theft:237,Other Miscellaneous:145,Malicious Mischief:137,Assault:128",NA,BELOW_AVG,VERY_BELOW_AVG,NA,85.94251251220703,6.0,614.2512817382812,32.0,0.0,0.0,No_POI,1129.0999755859375,739.2999877929688,0.0,0.0,14.0,40.0,91.0
06075010300,2021-01-02,2025-12-30,1824,1494,592,2.5236486486486487,1.9178433889602053,3925.0,234.68325012911,0.5756358768406962,1.1238286479250335,0.0,"Larceny Theft:581,Burglary:109,Malicious Mischief:107,Other Miscellaneous:105,Motor Vehicle Theft:87",NA,BELOW_AVG,VERY_BELOW_AVG,NA,49.27720642089844,13.0,2062.580810546875,40.0,0.0,0.0,No_POI,677.0999755859375,1141.699951171875,0.0,0.0,18.0,52.0,126.0
06075026001,2021-01-02,2025-12-30,1824,1453,577,2.518197573656846,1.955585464333782,6416.0,143.25781084550323,0.5292498279421886,0.8988300068823124,0.0,"Larceny Theft:299,Motor Vehicle Theft:162,Malicious Mischief:112,Assault:109,Other Miscellaneous:104",NA,BELOW_AVG,VERY_BELOW_AVG,NA,149.7073516845703,17.0,1265.7911376953125,14.0,0.0,0.0,No_POI,1165.0999755859375,3114.39990234375,0.0,0.0,5.0,19.0,44.0
06075011001,2021-01-02,2025-12-30,1824,1586,631,2.5134706814580032,1.8994011976047904,2618.0,350.4265846952526,0.31525851197982346,0.6034047919293821,0.0,"Larceny Theft:452,Burglary:209,Malicious Mischief:135,Other Miscellaneous:124,Motor Vehicle Theft:122",NA,BELOW_AVG,VERY_BELOW_AVG,NA,35.263099670410156,6.0,1695.3321533203125,46.0,0.0,0.0,No_POI,1103.0,1255.699951171875,0.0,0.0,3.0,11.0,25.0
06075020201,2021-01-02,2025-12-30,1824,1586,631,2.5134706814580032,1.9460122699386504,1920.0,477.8212493396725,0.6443883984867591,1.5718789407313998,0.0,"Larceny Theft:353,Assault:225,Malicious Mischief:147,Other Miscellaneous:122,Burglary:98",NA,BELOW_AVG,BELOW_AVG,NA,258.0129699707031,1.0,455.06170654296875,33.0,0.0,0.0,No_POI,211.89999389648438,627.2000122070312,1.0,0.0,15.0,46.0,107.0
06075021100,2021-01-02,2025-12-30,1824,1568,624,2.5128205128205128,1.9029126213592233,3959.0,231.6694840059326,0.4362244897959184,0.7697704081632653,0.0,"Larceny Theft:377,Burglary:272,Motor Vehicle Theft:128,Other Miscellaneous:123,Malicious Mischief:121",NA,BELOW_AVG,VERY_BELOW_AVG,NA,99.0422134399414,12.0,963.1543579101562,24.0,0.0,0.0,No_POI,1254.9000244140625,768.7000122070312,0.0,0.0,5.0,17.0,39.0
06075033100,2021-01-02,2025-12-30,1824,1294,518,2.498069498069498,1.889051094890511,3980.0,229.09431326516756,0.6537867078825348,1.6275115919629057,0.0,"Larceny Theft:516,Fraud:89,Burglary:82,Motor Vehicle Theft:78,Malicious Mischief:74",NA,BELOW_AVG,BELOW_AVG,NA,285.4576721191406,16.0,4628.84814453125,0.0,0.0,0.0,No_POI,1350.699951171875,3048.300048828125,0.0,0.0,7.0,21.0,49.0
06075021700,2021-01-02,2025-12-30,1824,1645,661,2.4886535552193645,1.8778538812785388,4602.0,197.3834306073594,0.59209726443769,1.182370820668693,0.0,"Larceny Theft:479,Motor Vehicle Theft:181,Burglary:168,Malicious Mischief:87,Recovered Vehicle:74",NA,BELOW_AVG,VERY_BELOW_AVG,NA,271.82110595703125,34.0,858.0531005859375,25.0,0.0,0.0,No_POI,689.2000122070312,1656.5999755859375,0.0,0.0,6.0,20.0,46.0
06075011200,2021-01-02,2025-12-30,1824,1450,583,2.4871355060034306,1.9307589880159788,2865.0,316.8601953547128,0.40344827586206894,0.7475862068965518,0.0,"Larceny Theft:418,Malicious Mischief:138,Motor Vehicle Theft:136,Burglary:129,Other Miscellaneous:95",NA,BELOW_AVG,VERY_BELOW_AVG,NA,52.18266677856445,22.0,1112.638916015625,46.0,0.0,0.0,No_POI,710.0999755859375,930.0,0.0,0.0,5.5,19.0,44.0
06075031402,2021-01-02,2025-12-30,1824,1144,460,2.4869565217391303,1.9826689774696706,4545.0,199.72258095374752,0.3986013986013986,0.6372377622377622,0.0,"Larceny Theft:230,Motor Vehicle Theft:152,Malicious Mischief:126,Fraud:79,Other Miscellaneous:60",NA,BELOW_AVG,VERY_BELOW_AVG,NA,357.2945251464844,8.0,967.0843505859375,20.0,0.0,0.0,No_POI,1325.800048828125,3436.39990234375,0.0,0.0,3.0,10.0,26.0
06075016700,2021-01-02,2025-12-30,1824,2035,824,2.4696601941747574,1.7467811158798283,5277.0,170.821673464807,0.6044226044226044,1.256019656019656,0.0,"Larceny Theft:553,Burglary:245,Motor Vehicle Theft:191,Malicious Mischief:172,Assault:115",NA,BELOW_AVG,VERY_BELOW_AVG,NA,65.22640991210938,13.0,2256.480224609375,33.0,0.0,0.0,No_POI,1032.4000244140625,448.6000061035156,0.0,0.0,13.0,38.0,96.0
06075025401,2021-01-02,2025-12-30,1824,1432,580,2.4689655172413794,1.9509536784741144,3819.0,235.97078130220044,0.5307262569832403,0.9692737430167597,0.0,"Larceny Theft:259,Motor Vehicle Theft:191,Malicious Mischief:139,Assault:117,Burglary:101",NA,BELOW_AVG,VERY_BELOW_AVG,NA,272.0162353515625,12.0,1499.098388671875,25.0,0.0,0.0,No_POI,1895.300048828125,1947.800048828125,0.0,0.0,6.0,19.0,45.0
06075025403,2021-01-02,2025-12-30,1824,1319,535,2.4654205607476634,1.9115942028985506,4244.0,212.0354629295234,0.5125094768764216,1.159969673995451,0.0,"Larceny Theft:245,Motor Vehicle Theft:178,Malicious Mischief:111,Assault:89,Fraud:80",NA,BELOW_AVG,VERY_BELOW_AVG,NA,152.7899169921875,21.0,993.4641723632812,19.0,0.0,0.0,No_POI,2004.800048828125,2362.60009765625,0.0,0.0,5.0,17.0,38.0
06075061402,2021-01-02,2025-12-30,1824,1404,571,2.458844133099825,1.9527121001390821,2331.0,385.0184935999297,0.5982905982905983,1.4658119658119657,0.0,"Larceny Theft:264,Recovered Vehicle:199,Motor Vehicle Theft:135,Assault:103,Other Miscellaneous:93",NA,BELOW_AVG,VERY_BELOW_AVG,NA,164.14259338378906,8.0,2662.750244140625,22.0,0.0,0.0,No_POI,1210.300048828125,1458.199951171875,0.0,0.0,10.0,30.0,71.0
06075980600,2021-01-02,2025-12-30,1824,1057,431,2.4524361948955917,2.0210325047801145,1172.0,763.7706579666306,0.8855250709555346,2.7436140018921478,0.0,"Recovered Vehicle:214,Motor Vehicle Theft:125,Larceny Theft:120,Other Miscellaneous:83,Malicious Mischief:79",NA,BELOW_AVG,ABOVE_AVG,NA,868.1964111328125,6.0,7014.49755859375,0.0,0.0,0.0,No_POI,2077.300048828125,1353.5,0.0,0.0,11.0,30.0,68.0
06075061506,2021-01-02,2025-12-30,1824,1270,518,2.451737451737452,2.003154574132492,4541.0,197.0676436653094,0.4889763779527559,0.9992125984251968,0.0,"Larceny Theft:337,Malicious Mischief:130,Burglary:126,Motor Vehicle Theft:99,Assault:76",NA,BELOW_AVG,VERY_BELOW_AVG,NA,124.47635650634766,1.0,848.302001953125,40.0,0.0,0.0,No_POI,1420.5999755859375,41.29999923706055,0.0,1.0,3.0,10.0,25.0
06075026302,2021-01-02,2025-12-30,1824,1054,430,2.4511627906976745,2.0038022813688214,5004.0,178.79185024073766,0.6261859582542695,1.1631878557874762,0.0,"Larceny Theft:229,Motor Vehicle Theft:137,Assault:89,Malicious Mischief:80,Other Miscellaneous:73",NA,BELOW_AVG,VERY_BELOW_AVG,NA,128.50714111328125,28.0,2426.00439453125,13.0,0.0,0.0,No_POI,1858.0999755859375,4266.2998046875,0.0,0.0,5.0,15.0,35.0
06075013500,2021-01-02,2025-12-30,1824,1326,541,2.4510166358595193,1.9079136690647482,2471.0,362.04818781413377,0.5467571644042232,1.0030165912518854,0.0,"Larceny Theft:449,Burglary:193,Motor Vehicle Theft:96,Malicious Mischief:92,Other Miscellaneous:80",NA,BELOW_AVG,VERY_BELOW_AVG,NA,18.85018539428711,12.0,2393.81689453125,46.0,0.0,0.0,No_POI,1190.699951171875,1562.4000244140625,0.0,0.0,4.0,14.0,34.0
06075021400,2021-01-02,2025-12-30,1824,1428,584,2.4452054794520546,1.876478318002628,3500.0,254.99999999999997,0.5371148459383753,1.4852941176470589,0.0,"Larceny Theft:550,Burglary:223,Motor Vehicle Theft:109,Other Miscellaneous:101,Malicious Mischief:77",NA,BELOW_AVG,VERY_BELOW_AVG,NA,102.3350601196289,14.0,1465.0908203125,16.0,0.0,0.0,No_POI,1166.0999755859375,1010.2999877929688,0.0,0.0,5.0,13.0,32.0
06075030400,2021-01-02,2025-12-30,1824,1501,615,2.440650406504065,1.9096692111959288,5262.0,169.29635088825233,0.3944037308461026,0.6069287141905396,0.0,"Larceny Theft:382,Malicious Mischief:154,Burglary:144,Motor Vehicle Theft:121,Fraud:119",NA,BELOW_AVG,VERY_BELOW_AVG,NA,139.8970184326172,23.0,4216.07421875,0.0,0.0,0.0,No_POI,1062.0,885.7999877929688,0.0,0.0,6.0,17.0,42.0
06075061502,2021-01-02,2025-12-30,1824,1569,644,2.436335403726708,1.8568047337278106,1901.0,467.78665037361833,0.41937539834289356,0.875717017208413,0.0,"Larceny Theft:477,Burglary:182,Malicious Mischief:158,Assault:126,Other Miscellaneous:121",NA,BELOW_AVG,VERY_BELOW_AVG,NA,249.74273681640625,2.0,1586.1317138671875,46.0,0.0,0.0,No_POI,1136.0999755859375,693.4000244140625,0.0,0.0,16.0,47.0,105.0
06075040200,2021-01-02,2025-12-30,1824,1407,579,2.430051813471503,1.8513157894736842,5464.0,162.3295958852669,0.7093105899076049,2.5003553660270077,0.0,"Larceny Theft:529,Burglary:158,Malicious Mischief:141,Fraud:92,Motor Vehicle Theft:76",NA,BELOW_AVG,ABOVE_AVG,NA,33.77462387084961,13.0,6184.3349609375,0.0,0.0,0.0,No_POI,526.7000122070312,2704.199951171875,0.0,0.0,6.0,20.0,45.0
06075015600,2021-01-02,2025-12-30,1824,1403,578,2.4273356401384083,1.8632138114209826,2988.0,296.51188375184705,0.7761938702779758,2.1240199572344975,0.0,"Larceny Theft:477,Burglary:137,Malicious Mischief:95,Motor Vehicle Theft:71,Robbery:65",NA,BELOW_AVG,NEAR_AVG,NA,251.8468780517578,8.0,4403.81005859375,0.0,0.0,0.0,No_POI,719.9000244140625,1575.800048828125,0.0,0.0,10.0,29.0,70.0
06075010701,2021-01-02,2025-12-30,1824,1516,626,2.4217252396166136,1.9117276166456494,3424.0,258.15704219043926,0.5989445910290238,1.858839050131926,0.0,"Larceny Theft:347,Assault:159,Non-Criminal:128,Malicious Mischief:117,Other Miscellaneous:96",NA,BELOW_AVG,BELOW_AVG,NA,39.6717643737793,9.0,1445.3406982421875,40.0,0.0,0.0,No_POI,163.60000610351562,632.5999755859375,1.0,0.0,7.0,21.0,50.0
06075015701,2021-01-02,2025-12-30,1824,1482,613,2.4176182707993474,1.850187265917603,4926.0,179.13736679694716,0.6443994601889339,1.6309041835357625,0.0,"Larceny Theft:425,Motor Vehicle Theft:161,Burglary:157,Malicious Mischief:154,Assault:75",NA,BELOW_AVG,BELOW_AVG,NA,196.8493194580078,15.0,3986.2578125,15.0,0.0,0.0,No_POI,1273.0,1103.4000244140625,0.0,0.0,8.0,24.0,58.0
06075011902,2021-01-02,2025-12-30,1824,1179,488,2.415983606557377,1.9108589951377635,2650.0,332.7675533560161,0.3443596268023749,0.5063613231552163,0.0,"Larceny Theft:358,Malicious Mischief:112,Other Miscellaneous:98,Burglary:86,Assault:65",NA,BELOW_AVG,VERY_BELOW_AVG,NA,187.51751708984375,5.0,881.1697387695312,46.0,0.0,0.0,No_POI,739.2000122070312,652.7999877929688,0.0,0.0,13.0,39.0,94.0
06075015201,2021-01-02,2025-12-30,1824,1220,506,2.411067193675889,1.967741935483871,1612.0,545.930226855893,0.18278688524590164,0.33852459016393444,0.0,"Larceny Theft:371,Burglary:120,Malicious Mischief:101,Fraud:84,Motor Vehicle Theft:83",NA,BELOW_AVG,VERY_BELOW_AVG,NA,261.4519348144531,1.0,1761.355712890625,46.0,0.0,0.0,No_POI,1011.2999877929688,958.0,0.0,0.0,6.0,19.0,43.0
06075025501,2021-01-02,2025-12-30,1824,1351,561,2.408199643493761,1.8763888888888889,4397.0,199.90740729479708,0.3449296817172465,0.5003700962250185,0.0,"Larceny Theft:187,Motor Vehicle Theft:136,Non-Criminal:135,Malicious Mischief:80,Fraud:76",NA,BELOW_AVG,VERY_BELOW_AVG,NA,180.9878387451172,8.0,1162.1524658203125,13.0,0.0,0.0,No_POI,504.3999938964844,2614.10009765625,0.0,0.0,5.0,15.0,35.0
06075013001,2021-01-02,2025-12-30,1824,1018,424,2.400943396226415,1.9390476190476191,1592.0,550.4675500142221,0.5707269155206287,1.1601178781925343,0.0,"Larceny Theft:332,Burglary:154,Other Miscellaneous:93,Malicious Mischief:78,Motor Vehicle Theft:55",NA,BELOW_AVG,VERY_BELOW_AVG,NA,179.9928436279297,5.0,2727.3984375,40.0,0.0,0.0,No_POI,1558.5,872.5,0.0,0.0,6.0,18.0,44.0
06075020401,2021-01-02,2025-12-30,1824,1055,442,2.3868778280542986,1.8096054888507718,3248.0,268.2298051846733,0.34502369668246446,0.5914691943127962,0.0,"Larceny Theft:304,Motor Vehicle Theft:134,Burglary:133,Malicious Mischief:84,Other Miscellaneous:65",NA,BELOW_AVG,VERY_BELOW_AVG,NA,18.987985610961914,30.0,2453.3349609375,24.0,0.0,0.0,No_POI,1410.4000244140625,1551.800048828125,0.0,0.0,5.0,14.0,33.0
06075025701,2021-01-02,2025-12-30,1824,1204,505,2.384158415841584,1.8637770897832817,5331.0,163.23725788448286,0.5182724252491694,0.9194352159468439,0.0,"Larceny Theft:275,Motor Vehicle Theft:194,Malicious Mischief:102,Fraud:74,Recovered Vehicle:69",NA,BELOW_AVG,VERY_BELOW_AVG,NA,231.85621643066406,10.0,2530.661865234375,17.0,0.0,0.0,No_POI,1213.699951171875,2828.10009765625,0.0,0.0,15.0,47.0,108.0
06075017000,2021-01-02,2025-12-30,1824,1149,483,2.37888198757764,1.8502415458937198,4262.0,203.72874834956326,0.4699738903394256,0.8729329852045257,0.0,"Larceny Theft:292,Burglary:199,Motor Vehicle Theft:135,Malicious Mischief:114,Other Miscellaneous:64",NA,BELOW_AVG,VERY_BELOW_AVG,NA,18.645267486572266,21.0,2211.53466796875,22.0,0.0,0.0,No_POI,1432.5,906.5,0.0,0.0,7.0,22.0,51.0
06075032601,2021-01-02,2025-12-30,1824,1526,642,2.3769470404984423,1.8275449101796408,4915.0,176.51793891799215,0.6487549148099607,1.5491480996068152,0.0,"Larceny Theft:400,Burglary:175,Malicious Mischief:124,Fraud:118,Motor Vehicle Theft:113",NA,BELOW_AVG,VERY_BELOW_AVG,NA,120.65440368652344,17.0,6779.11572265625,0.0,0.0,0.0,No_POI,2174.39990234375,2276.60009765625,0.0,0.0,5.0,17.0,41.5
06075013200,2021-01-02,2025-12-30,1824,1202,508,2.3661417322834644,1.878125,3931.0,219.7002626007287,0.4084858569051581,0.8502495840266223,0.0,"Larceny Theft:356,Burglary:189,Motor Vehicle Theft:101,Malicious Mischief:87,Non-Criminal:68",NA,BELOW_AVG,VERY_BELOW_AVG,NA,162.67152404785156,12.0,2810.444091796875,40.0,0.0,0.0,No_POI,1549.300048828125,1440.5999755859375,0.0,0.0,7.0,21.0,54.0
06075011300,2021-01-02,2025-12-30,1824,1145,484,2.365702479338843,1.9115191986644406,2862.0,301.7055922287483,0.5659388646288209,1.468995633187773,0.0,"Larceny Theft:325,Malicious Mischief:145,Fraud:101,Assault:64,Non-Criminal:61",NA,BELOW_AVG,VERY_BELOW_AVG,NA,56.21503448486328,13.0,1277.5506591796875,40.0,0.0,0.0,No_POI,462.8999938964844,635.0999755859375,0.0,0.0,12.0,37.0,84.0
06075011002,2021-01-02,2025-12-30,1824,1272,538,2.3643122676579926,1.8872403560830862,1907.0,452.52961599117316,0.49764150943396224,0.9984276729559748,0.0,"Larceny Theft:316,Other Miscellaneous:138,Burglary:121,Malicious Mischief:110,Assault:92",NA,BELOW_AVG,VERY_BELOW_AVG,NA,80.26194763183594,18.0,1846.5057373046875,40.0,0.0,0.0,No_POI,1025.800048828125,1299.0999755859375,0.0,0.0,3.0,9.5,21.0
06075040100,2021-01-02,2025-12-30,1824,1329,563,2.3605683836589697,1.757936507936508,4228.0,203.7860596110511,0.41685477802859294,0.710308502633559,0.0,"Larceny Theft:452,Burglary:156,Malicious Mischief:130,Motor Vehicle Theft:88,Other Miscellaneous:80",NA,BELOW_AVG,VERY_BELOW_AVG,NA,317.55181884765625,8.0,5178.2841796875,0.0,0.0,0.0,No_POI,546.5999755859375,2246.89990234375,0.0,0.0,6.0,19.0,44.0
06075031401,2021-01-02,2025-12-30,1824,728,309,2.355987055016181,2.005509641873278,2533.0,339.4928050062796,0.3543956043956044,0.5796703296703297,0.0,"Larceny Theft:175,Malicious Mischief:74,Motor Vehicle Theft:73,Assault:59,Non-Criminal:38",NA,BELOW_AVG,VERY_BELOW_AVG,NA,30.714519500732422,15.0,1271.56591796875,25.0,0.0,0.0,No_POI,1644.800048828125,3815.800048828125,0.0,0.0,4.0,15.0,34.0
06075032802,2021-01-02,2025-12-30,1824,979,416,2.3533653846153846,1.9083820662768032,4454.0,192.8554929017996,0.43820224719101125,0.7099080694586313,0.0,"Larceny Theft:378,Burglary:100,Motor Vehicle Theft:68,Malicious Mischief:53,Fraud:48",NA,BELOW_AVG,VERY_BELOW_AVG,NA,89.11830139160156,13.0,6070.5478515625,0.0,0.0,0.0,No_POI,1054.0999755859375,1888.300048828125,0.0,0.0,4.0,13.0,32.0
06075026404,2021-01-02,2025-12-30,1824,762,324,2.3518518518518516,2.026595744680851,2507.0,342.41161784041714,0.2020997375328084,0.30708661417322836,0.0,"Assault:140,Larceny Theft:117,Malicious Mischief:67,Non-Criminal:46,Other Miscellaneous:43",NA,BELOW_AVG,VERY_BELOW_AVG,NA,303.9436340332031,6.0,3768.49462890625,13.0,0.0,0.0,No_POI,2718.0,4715.60009765625,0.0,0.0,2.0,5.0,15.0
06075026402,2021-01-02,2025-12-30,1824,949,404,2.349009900990099,1.924949290060852,4755.0,180.31306285202655,0.4594309799789252,0.7818756585879874,0.0,"Larceny Theft:232,Motor Vehicle Theft:185,Malicious Mischief:91,Recovered Vehicle:61,Assault:51",NA,BELOW_AVG,VERY_BELOW_AVG,NA,66.07357788085938,17.0,3838.33642578125,4.0,0.0,0.0,No_POI,1521.5,3401.199951171875,0.0,0.0,5.0,16.0,43.0
06075015401,2021-01-02,2025-12-30,1824,1139,486,2.343621399176955,1.9015025041736227,3338.0,256.26776833420865,0.5030728709394205,1.0948200175592626,0.0,"Larceny Theft:318,Burglary:98,Motor Vehicle Theft:97,Other Miscellaneous:70,Malicious Mischief:69",NA,BELOW_AVG,VERY_BELOW_AVG,NA,177.35531616210938,13.0,4654.93017578125,0.0,0.0,0.0,No_POI,1348.800048828125,1295.300048828125,0.0,0.0,11.0,32.0,71.0
06075025402,2021-01-02,2025-12-30,1824,1032,441,2.3401360544217686,1.961977186311787,3294.0,259.3046933406028,0.4437984496124031,0.752906976744186,0.0,"Larceny Theft:271,Motor Vehicle Theft:157,Burglary:108,Recovered Vehicle:81,Malicious Mischief:52",NA,BELOW_AVG,VERY_BELOW_AVG,NA,205.1457061767578,15.0,2295.491455078125,16.0,0.0,0.0,No_POI,1565.4000244140625,2154.89990234375,0.0,0.0,6.0,20.0,45.0
06075035400,2021-01-02,2025-12-30,1824,1231,527,2.3358633776091082,1.8076358296622614,7431.0,114.73423937926584,0.44922826969943136,0.7221770917952883,0.0,"Larceny Theft:313,Motor Vehicle Theft:144,Malicious Mischief:117,Fraud:109,Burglary:98",NA,BELOW_AVG,VERY_BELOW_AVG,NA,157.36932373046875,29.0,6161.986328125,0.0,0.0,0.0,No_POI,2044.0,3955.0,0.0,0.0,2.0,7.0,17.0
06075012901,2021-01-02,2025-12-30,1824,773,331,2.3353474320241694,2.0182767624020888,2816.0,302.69950734688274,0.5523932729624839,1.2354463130659767,0.0,"Larceny Theft:222,Burglary:102,Malicious Mischief:76,Motor Vehicle Theft:63,Other Miscellaneous:57",NA,BELOW_AVG,VERY_BELOW_AVG,NA,72.97816467285156,6.0,3355.692138671875,40.0,0.0,0.0,No_POI,1544.800048828125,455.1000061035156,0.0,0.0,8.0,26.0,58.0
06075013002,2021-01-02,2025-12-30,1824,1308,561,2.3315508021390374,1.8066298342541436,2609.0,326.1847615104441,0.4334862385321101,0.8769113149847095,0.0,"Larceny Theft:511,Burglary:201,Malicious Mischief:123,Other Miscellaneous:84,Assault:63",NA,BELOW_AVG,VERY_BELOW_AVG,NA,59.69091796875,8.0,3344.258544921875,31.0,0.0,0.0,No_POI,1887.5,1057.5,0.0,0.0,5.0,17.0,38.0
06075047801,2021-01-02,2025-12-30,1824,1042,447,2.331096196868009,1.8741007194244603,4613.0,184.44615474893197,0.3944337811900192,0.7994241842610365,0.0,"Larceny Theft:208,Malicious Mischief:113,Motor Vehicle Theft:105,Burglary:95,Other Miscellaneous:57",NA,BELOW_AVG,VERY_BELOW_AVG,NA,194.99143981933594,17.0,8480.0556640625,0.0,0.0,0.0,No_POI,2413.300048828125,4125.39990234375,0.0,0.0,5.0,18.0,45.5
06075012601,2021-01-02,2025-12-30,1824,1151,494,2.3299595141700404,1.893092105263158,2164.0,392.9922470758155,0.3058210251954822,0.48392701998262383,0.0,"Larceny Theft:451,Burglary:118,Non-Criminal:82,Malicious Mischief:60,Offences Against The Family And Children:47",NA,BELOW_AVG,VERY_BELOW_AVG,NA,219.3698272705078,2.0,4263.21044921875,0.0,0.0,0.0,No_POI,2463.199951171875,922.0,0.0,0.0,7.0,21.0,49.0
06075013300,2021-01-02,2025-12-30,1824,1357,584,2.3236301369863015,1.8337837837837838,4284.0,197.9750233426704,0.45983787767133383,0.8658806190125277,0.0,"Larceny Theft:581,Burglary:187,Malicious Mischief:90,Motor Vehicle Theft:90,Fraud:64",NA,BELOW_AVG,VERY_BELOW_AVG,NA,97.53885650634766,11.0,4888.27099609375,0.0,0.0,0.0,No_POI,1411.699951171875,1920.0,0.0,0.0,2.0,8.0,19.0
06075025600,2021-01-02,2025-12-30,1824,1384,596,2.3221476510067114,1.857718120805369,5027.0,168.6063044793017,0.47398843930635837,0.796242774566474,0.0,"Larceny Theft:365,Motor Vehicle Theft:222,Malicious Mischief:107,Fraud:81,Burglary:76",NA,BELOW_AVG,VERY_BELOW_AVG,NA,164.82435607910156,15.0,962.815185546875,19.0,0.0,0.0,No_POI,2064.300048828125,2961.699951171875,0.0,0.0,4.0,14.0,34.0
06075022702,2021-01-02,2025-12-30,1824,1147,494,2.3218623481781377,1.781055900621118,2152.0,393.81029604322504,0.43679163034001744,0.7863993025283348,0.0,"Larceny Theft:446,Burglary:129,Motor Vehicle Theft:120,Malicious Mischief:114,Other Miscellaneous:59",NA,BELOW_AVG,VERY_BELOW_AVG,NA,263.33428955078125,7.0,2725.999267578125,43.0,0.0,0.0,No_POI,588.7999877929688,850.2999877929688,0.0,0.0,5.0,16.0,39.0
06075023003,2021-01-02,2025-12-30,1824,1115,481,2.318087318087318,1.8898305084745763,4157.0,203.5366541019656,0.536322869955157,1.0358744394618835,0.0,"Larceny Theft:197,Motor Vehicle Theft:191,Assault:91,Malicious Mischief:85,Recovered Vehicle:71",NA,BELOW_AVG,VERY_BELOW_AVG,NA,137.3970184326172,14.0,3694.3212890625,10.0,0.0,0.0,No_POI,375.8999938964844,1741.0999755859375,0.0,0.0,9.0,28.0,62.0
06075030700,2021-01-02,2025-12-30,1824,1235,534,2.3127340823970037,1.7976710334788937,6910.0,122.16323300649876,0.41295546558704455,0.6364372469635627,0.0,"Larceny Theft:351,Burglary:213,Motor Vehicle Theft:175,Fraud:90,Malicious Mischief:77",NA,BELOW_AVG,VERY_BELOW_AVG,NA,74.91722869873047,35.0,2069.01171875,13.0,0.0,0.0,No_POI,1096.199951171875,1157.800048828125,0.0,0.0,6.0,18.0,46.0
06075022902,2021-01-02,2025-12-30,1824,950,411,2.3114355231143553,1.9153225806451613,2096.0,402.5162051224903,0.43157894736842106,0.6673684210526316,0.0,"Larceny Theft:212,Motor Vehicle Theft:136,Malicious Mischief:93,Assault:71,Other Miscellaneous:64",NA,BELOW_AVG,VERY_BELOW_AVG,NA,138.16629028320312,6.0,959.19775390625,18.0,0.0,0.0,No_POI,1655.5999755859375,1059.0999755859375,0.0,0.0,7.0,23.0,53.0
06075980200,2021-01-02,2025-12-30,1824,1072,465,2.3053763440860213,1.7660626029654036,186.0,4523.991212856978,0.4552238805970149,1.0046641791044777,0.0,"Larceny Theft:778,Non-Criminal:53,Malicious Mischief:50,Burglary:25,Motor Vehicle Theft:21",NA,BELOW_AVG,VERY_BELOW_AVG,NA,353.9881286621094,5.0,9602.0361328125,0.0,0.0,0.0,No_POI,3092.60009765625,5158.7998046875,0.0,0.0,3.0,11.0,25.0
06075045201,2021-01-02,2025-12-30,1824,1058,459,2.3050108932461875,1.856140350877193,3104.0,271.0467061967972,0.5614366729678639,1.2551984877126654,0.0,"Larceny Theft:264,Burglary:108,Malicious Mischief:104,Other Miscellaneous:73,Motor Vehicle Theft:67",NA,BELOW_AVG,VERY_BELOW_AVG,NA,49.21651077270508,8.0,5712.88671875,0.0,0.0,0.0,No_POI,461.29998779296875,2608.5,0.0,0.0,7.0,24.0,54.0
06075035202,2021-01-02,2025-12-30,1824,1181,513,2.3021442495126707,1.8310077519379846,4878.0,172.25966606644624,0.6333615580016935,1.3310753598645215,0.0,"Larceny Theft:293,Motor Vehicle Theft:111,Burglary:103,Malicious Mischief:99,Assault:92",NA,BELOW_AVG,VERY_BELOW_AVG,NA,114.56214904785156,14.0,8562.287109375,0.0,0.0,0.0,No_POI,2970.199951171875,4268.10009765625,0.0,0.0,5.0,18.0,40.0
06075047701,2021-01-02,2025-12-30,1824,1431,622,2.3006430868167205,1.7644882860665845,4848.0,173.21260864028528,0.47938504542278126,0.9224318658280922,0.0,"Larceny Theft:481,Malicious Mischief:143,Burglary:116,Motor Vehicle Theft:90,Assault:79",NA,BELOW_AVG,VERY_BELOW_AVG,NA,158.0709228515625,12.0,7504.7841796875,0.0,0.0,0.0,No_POI,1658.9000244140625,3850.199951171875,0.0,0.0,2.0,9.0,22.0
06075026401,2021-01-02,2025-12-30,1824,1106,481,2.2993762993762994,1.9036144578313252,3842.0,218.44673328275618,0.472875226039783,0.8354430379746836,0.0,"Larceny Theft:179,Motor Vehicle Theft:175,Assault:123,Malicious Mischief:90,Other Miscellaneous:65",NA,BELOW_AVG,VERY_BELOW_AVG,NA,93.30599975585938,11.0,3841.669921875,4.0,0.0,0.0,No_POI,2172.699951171875,4162.7998046875,0.0,0.0,3.0,8.0,22.0
06075026403,2021-01-02,2025-12-30,1824,1026,447,2.295302013422819,1.8722627737226278,3581.0,233.95287207465202,0.42884990253411304,0.8021442495126706,0.0,"Larceny Theft:155,Missing Person:131,Motor Vehicle Theft:122,Malicious Mischief:68,Assault:66",NA,BELOW_AVG,VERY_BELOW_AVG,NA,160.03536987304688,21.0,4283.25927734375,0.0,0.0,0.0,No_POI,2161.89990234375,4026.199951171875,0.0,0.0,4.0,12.0,28.0
06075030600,2021-01-02,2025-12-30,1824,888,388,2.288659793814433,1.9096774193548387,2348.0,355.77547902140884,0.43355855855855857,0.759009009009009,0.0,"Larceny Theft:200,Burglary:110,Malicious Mischief:84,Motor Vehicle Theft:77,Assault:61",NA,BELOW_AVG,VERY_BELOW_AVG,NA,72.29832458496094,23.0,3061.366943359375,13.0,0.0,0.0,No_POI,1217.800048828125,386.6000061035156,0.0,0.0,5.0,14.0,33.0
06075030102,2021-01-02,2025-12-30,1824,1187,519,2.2870905587668595,1.8460342146189737,4726.0,176.6373368493237,0.2923336141533277,0.45829823083403537,0.0,"Larceny Theft:315,Burglary:193,Motor Vehicle Theft:117,Malicious Mischief:95,Fraud:68",NA,BELOW_AVG,VERY_BELOW_AVG,NA,390.48968505859375,20.0,4399.93115234375,0.0,0.0,0.0,No_POI,886.0,1229.800048828125,0.0,0.0,5.0,15.0,35.0
06075021600,2021-01-02,2025-12-30,1824,1311,574,2.28397212543554,1.8082758620689656,4414.0,188.86493561032447,0.4614797864225782,0.8215102974828375,0.0,"Larceny Theft:405,Burglary:177,Motor Vehicle Theft:163,Malicious Mischief:91,Other Miscellaneous:50",NA,BELOW_AVG,VERY_BELOW_AVG,NA,186.08651733398438,24.0,2045.6778564453125,25.0,0.0,0.0,No_POI,335.79998779296875,1322.199951171875,0.0,0.0,5.0,16.0,38.0
06075030301,2021-01-02,2025-12-30,1824,1253,549,2.2823315118397085,1.8372434017595307,6129.0,135.91956303173336,0.320830007980846,0.42617717478052675,0.0,"Larceny Theft:342,Burglary:219,Motor Vehicle Theft:131,Fraud:86,Malicious Mischief:70",NA,BELOW_AVG,VERY_BELOW_AVG,NA,54.52302169799805,29.0,5078.72607421875,0.0,0.0,0.0,No_POI,1726.9000244140625,1224.0999755859375,0.0,0.0,6.0,19.0,46.0
06075033204,2021-01-02,2025-12-30,1824,1350,592,2.2804054054054053,1.762402088772846,3620.0,229.9303792743019,0.5081481481481481,0.825925925925926,0.0,"Larceny Theft:374,Motor Vehicle Theft:169,Malicious Mischief:103,Other Miscellaneous:91,Assault:63",NA,BELOW_AVG,VERY_BELOW_AVG,NA,168.9554443359375,11.0,2546.517333984375,16.0,0.0,0.0,No_POI,2678.800048828125,3747.800048828125,0.0,0.0,5.0,16.0,36.0
06075026303,2021-01-02,2025-12-30,1824,1066,468,2.2777777777777777,1.9276672694394212,4612.0,180.26645465934274,0.40431519699812385,0.6876172607879925,0.0,"Larceny Theft:163,Motor Vehicle Theft:129,Malicious Mischief:90,Other Miscellaneous:79,Assault:79",NA,BELOW_AVG,VERY_BELOW_AVG,NA,158.6442413330078,9.0,1488.51611328125,20.0,0.0,0.0,No_POI,1611.800048828125,4132.89990234375,0.0,0.0,2.0,7.0,19.0
06075011800,2021-01-02,2025-12-30,1824,606,267,2.269662921348315,2.1114982578397212,1695.0,488.74747273872265,0.46204620462046203,1.6782178217821782,0.0,"Larceny Theft:144,Malicious Mischief:94,Burglary:46,Assault:33,Fraud:33",NA,BELOW_AVG,BELOW_AVG,NA,17.904468536376953,7.0,727.97802734375,40.0,0.0,0.0,No_POI,643.5999755859375,423.0,0.0,0.0,14.0,38.0,90.0
06075017101,2021-01-02,2025-12-30,1824,1189,524,2.269083969465649,1.7987897125567323,4250.0,194.87427031881455,0.4693019343986543,1.1269974768713205,0.0,"Larceny Theft:399,Burglary:176,Motor Vehicle Theft:130,Malicious Mischief:120,Non-Criminal:65",NA,BELOW_AVG,VERY_BELOW_AVG,NA,141.0741424560547,23.0,2961.411376953125,14.0,0.0,0.0,No_POI,834.5999755859375,910.5,0.0,0.0,7.0,21.0,46.0
06075060400,2021-01-02,2025-12-30,1824,1091,481,2.268191268191268,1.8842832469775475,1866.0,443.67085363869927,0.4931255728689276,1.5087076076993584,0.0,"Larceny Theft:409,Motor Vehicle Theft:93,Malicious Mischief:76,Fraud:68,Other Miscellaneous:56",NA,BELOW_AVG,VERY_BELOW_AVG,NA,471.724365234375,28.0,2883.872314453125,7.0,0.0,0.0,No_POI,2795.0,4407.2001953125,0.0,0.0,6.0,20.0,47.0
06075020602,2021-01-02,2025-12-30,1824,896,397,2.256926952141058,1.8211382113821137,2564.0,321.28640309340335,0.3158482142857143,0.7544642857142857,0.0,"Larceny Theft:266,Burglary:136,Malicious Mischief:82,Motor Vehicle Theft:67,Other Miscellaneous:63",NA,BELOW_AVG,VERY_BELOW_AVG,NA,154.02188110351562,5.0,1709.6739501953125,26.0,0.0,0.0,No_POI,939.7999877929688,916.0999755859375,0.0,0.0,5.0,17.0,39.0
06075013102,2021-01-02,2025-12-30,1824,1164,516,2.255813953488372,1.8564593301435406,2731.0,301.4910629891087,0.4115120274914089,0.770618556701031,0.0,"Larceny Theft:396,Burglary:145,Malicious Mischief:116,Motor Vehicle Theft:78,Other Miscellaneous:61",NA,BELOW_AVG,VERY_BELOW_AVG,NA,101.82866668701172,4.0,2617.560791015625,40.0,0.0,0.0,No_POI,1399.9000244140625,1315.800048828125,0.0,0.0,10.0,28.0,67.0
06075035201,2021-01-02,2025-12-30,1824,1288,572,2.2517482517482517,1.8243626062322946,5305.0,154.92707104394194,0.44642857142857145,0.7072981366459627,0.0,"Larceny Theft:381,Motor Vehicle Theft:179,Malicious Mischief:93,Non-Criminal:79,Burglary:71",NA,BELOW_AVG,VERY_BELOW_AVG,NA,119.0913314819336,16.0,8025.5986328125,0.0,0.0,0.0,No_POI,2598.39990234375,4118.39990234375,0.0,0.0,7.0,22.0,54.0
06075026202,2021-01-02,2025-12-30,1824,745,331,2.2507552870090635,1.9605263157894737,3863.0,212.6652031473746,0.5100671140939598,0.9033557046979865,0.0,"Larceny Theft:146,Motor Vehicle Theft:119,Malicious Mischief:81,Other Miscellaneous:55,Assault:37",NA,BELOW_AVG,VERY_BELOW_AVG,NA,220.26995849609375,3.0,928.5631103515625,20.0,0.0,0.0,No_POI,1270.5,3763.699951171875,0.0,0.0,4.0,14.0,33.0
06075031302,2021-01-02,2025-12-30,1824,1375,611,2.2504091653027825,1.7427122940430926,4536.0,181.08451175827065,0.5418181818181819,1.2552727272727273,0.0,"Larceny Theft:413,Motor Vehicle Theft:156,Malicious Mischief:118,Fraud:85,Assault:74",NA,BELOW_AVG,VERY_BELOW_AVG,NA,320.24725341796875,20.0,1438.1651611328125,16.0,0.0,0.0,No_POI,2203.10009765625,3907.199951171875,0.0,0.0,6.0,18.0,44.0
06075026201,2021-01-02,2025-12-30,1824,959,428,2.2406542056074765,1.8406909788867563,3651.0,224.00404958825774,0.5265901981230449,0.8519290928050052,0.0,"Larceny Theft:215,Motor Vehicle Theft:115,Malicious Mischief:85,Assault:73,Fraud:64",NA,BELOW_AVG,VERY_BELOW_AVG,NA,247.54251098632812,2.0,1383.84765625,21.0,0.0,0.0,No_POI,1847.199951171875,4121.39990234375,0.0,0.0,2.0,7.0,17.0
06075021500,2021-01-02,2025-12-30,1824,1198,537,2.2309124767225326,1.73121387283237,5559.0,146.48013203880632,0.32637729549248745,0.4540901502504174,0.0,"Larceny Theft:300,Burglary:216,Motor Vehicle Theft:155,Missing Person:72,Malicious Mischief:68",NA,BELOW_AVG,VERY_BELOW_AVG,NA,325.85894775390625,12.0,1588.81689453125,25.0,0.0,0.0,No_POI,1309.199951171875,1273.9000244140625,0.0,0.0,7.0,22.0,51.0
06075026003,2021-01-02,2025-12-30,1824,884,399,2.2155388471177946,1.8689217758985202,4920.0,164.36416243861686,0.6085972850678733,1.0938914027149322,0.0,"Larceny Theft:178,Motor Vehicle Theft:139,Assault:70,Recovered Vehicle:65,Fraud:56",NA,BELOW_AVG,VERY_BELOW_AVG,NA,4.013225078582764,26.0,2012.292236328125,13.0,0.0,0.0,No_POI,1650.5,3677.199951171875,0.0,0.0,3.0,10.0,23.0
06075042800,2021-01-02,2025-12-30,1824,915,413,2.2154963680387407,1.7801556420233462,2348.0,344.40211854094565,0.4131147540983607,0.6306010928961748,0.0,"Larceny Theft:332,Burglary:86,Motor Vehicle Theft:81,Malicious Mischief:79,Non-Criminal:69",NA,BELOW_AVG,VERY_BELOW_AVG,NA,300.055908203125,4.0,8103.9130859375,0.0,0.0,0.0,No_POI,2039.800048828125,4299.0,0.0,0.0,5.0,13.0,33.0
06075045202,2021-01-02,2025-12-30,1824,1010,456,2.2149122807017543,1.846435100548446,3358.0,240.7513348588863,0.5287128712871287,1.1762376237623762,0.0,"Larceny Theft:266,Malicious Mischief:96,Burglary:95,Other Miscellaneous:78,Fraud:70",NA,BELOW_AVG,VERY_BELOW_AVG,NA,268.3598327636719,12.0,5273.28173828125,0.0,0.0,0.0,No_POI,263.20001220703125,2232.5,1.0,0.0,8.0,24.0,57.0
06075010800,2021-01-02,2025-12-30,1824,884,400,2.21,1.8768577494692145,4613.0,174.86451333188813,0.38009049773755654,0.5871040723981901,0.0,"Larceny Theft:284,Burglary:97,Malicious Mischief:77,Motor Vehicle Theft:72,Non-Criminal:46",NA,BELOW_AVG,VERY_BELOW_AVG,NA,45.30971145629883,16.0,1719.59765625,40.0,0.0,0.0,No_POI,455.79998779296875,1106.300048828125,0.0,0.0,7.0,22.0,53.0
06075015300,2021-01-02,2025-12-30,1824,1169,529,2.2098298676748582,1.7631975867269984,2293.0,351.76096890594124,0.3738237810094098,0.65098374679213,0.0,"Larceny Theft:451,Burglary:142,Malicious Mischief:120,Motor Vehicle Theft:88,Other Miscellaneous:70",NA,BELOW_AVG,VERY_BELOW_AVG,NA,105.77336120605469,10.0,2798.06982421875,37.0,0.0,0.0,No_POI,906.4000244140625,1507.800048828125,0.0,0.0,6.0,19.0,46.0
06075035300,2021-01-02,2025-12-30,1824,1061,481,2.2058212058212057,1.7336601307189543,7157.0,112.49472406381724,0.4213006597549482,0.5834118755890669,0.0,"Larceny Theft:335,Motor Vehicle Theft:98,Fraud:89,Malicious Mischief:87,Burglary:71",NA,BELOW_AVG,VERY_BELOW_AVG,NA,20.09748649597168,23.0,6613.43994140625,0.0,0.0,0.0,No_POI,1473.199951171875,3394.5,0.0,0.0,4.0,13.0,36.0
06075047702,2021-01-02,2025-12-30,1824,574,261,2.1992337164750957,1.8943894389438944,3654.0,219.68262356688834,0.4024390243902439,0.6167247386759582,0.0,"Larceny Theft:150,Burglary:62,Motor Vehicle Theft:62,Recovered Vehicle:49,Malicious Mischief:42",NA,BELOW_AVG,VERY_BELOW_AVG,NA,172.66172790527344,9.0,6880.2509765625,0.0,0.0,0.0,No_POI,1741.5999755859375,3418.199951171875,0.0,0.0,8.0,24.0,57.0
06075021200,2021-01-02,2025-12-30,1824,826,376,2.1968085106382977,1.7995642701525054,2984.0,268.7114967771376,0.36561743341404357,0.5351089588377724,0.0,"Larceny Theft:251,Burglary:138,Motor Vehicle Theft:91,Malicious Mischief:65,Other Miscellaneous:49",NA,BELOW_AVG,VERY_BELOW_AVG,NA,100.09822845458984,16.0,2324.677734375,16.0,0.0,0.0,No_POI,1089.0999755859375,1432.5,0.0,0.0,5.0,17.0,38.0
06075020702,2021-01-02,2025-12-30,1824,807,368,2.192934782608696,1.930622009569378,2248.0,356.0592507349528,0.47831474597273854,0.9306071871127634,0.0,"Larceny Theft:173,Burglary:99,Malicious Mischief:77,Other Miscellaneous:65,Assault:59",NA,BELOW_AVG,VERY_BELOW_AVG,NA,105.92514038085938,4.0,692.3174438476562,37.0,0.0,0.0,No_POI,261.1000061035156,686.9000244140625,1.0,0.0,16.0,47.0,111.0
06075042602,2021-01-02,2025-12-30,1824,596,272,2.1911764705882355,1.8742138364779874,2842.0,281.4142898538726,0.4798657718120805,0.8909395973154363,0.0,"Larceny Theft:134,Motor Vehicle Theft:69,Burglary:68,Malicious Mischief:55,Other Miscellaneous:40",NA,BELOW_AVG,VERY_BELOW_AVG,NA,123.0778579711914,8.0,6706.0048828125,0.0,0.0,0.0,No_POI,1055.5,3313.89990234375,0.0,0.0,4.0,12.0,28.0
06075030101,2021-01-02,2025-12-30,1824,1104,505,2.1861386138613863,1.8009787928221859,4792.0,166.51514901072747,0.41757246376811596,0.7762681159420289,0.0,"Larceny Theft:321,Malicious Mischief:109,Burglary:84,Motor Vehicle Theft:81,Non-Criminal:66",NA,BELOW_AVG,VERY_BELOW_AVG,NA,135.47784423828125,17.0,3925.831787109375,6.0,0.0,0.0,No_POI,470.70001220703125,1723.5,0.0,0.0,7.0,22.0,51.5
06075061102,2021-01-02,2025-12-30,1824,797,365,2.1835616438356165,1.9204819277108434,2393.0,333.0547430004179,0.3989962358845671,0.7452948557089084,0.0,"Larceny Theft:211,Assault:83,Other Miscellaneous:59,Malicious Mischief:58,Burglary:56",NA,BELOW_AVG,VERY_BELOW_AVG,NA,84.26702880859375,3.0,1122.4656982421875,40.0,0.0,0.0,No_POI,418.3999938964844,480.29998779296875,0.0,0.0,4.0,12.0,29.0
06075047902,2021-01-02,2025-12-30,1824,890,408,2.1813725490196076,1.783567134268537,3350.0,237.67193444541994,0.36067415730337077,0.6404494382022472,0.0,"Larceny Theft:364,Motor Vehicle Theft:75,Burglary:57,Malicious Mischief:53,Assault:47",NA,BELOW_AVG,VERY_BELOW_AVG,NA,47.482582092285156,10.0,9537.2685546875,0.0,0.0,0.0,No_POI,3466.89990234375,5078.2001953125,0.0,0.0,2.0,8.0,17.0
06075061508,2021-01-02,2025-12-30,1824,1007,462,2.1796536796536796,1.8176895306859207,2222.0,358.04392127524443,0.9543197616683218,3.849056603773585,0.0,"Larceny Theft:273,Malicious Mischief:92,Assault:88,Burglary:86,Other Miscellaneous:68",NA,BELOW_AVG,VERY_ABOVE_AVG,NA,381.65142822265625,4.0,1339.4569091796875,46.0,0.0,0.0,No_POI,1427.699951171875,317.20001220703125,0.0,0.0,7.0,21.0,49.0
06075025800,2021-01-02,2025-12-30,1824,732,336,2.1785714285714284,1.9012987012987013,2129.0,373.49862443803255,0.3633879781420765,0.6065573770491803,0.0,"Motor Vehicle Theft:126,Larceny Theft:117,Malicious Mischief:68,Assault:49,Other Miscellaneous:40",NA,BELOW_AVG,VERY_BELOW_AVG,NA,107.63463592529297,7.0,3623.3896484375,4.0,0.0,0.0,No_POI,985.2000122070312,2937.199951171875,0.0,0.0,8.0,23.0,52.0
06075020701,2021-01-02,2025-12-30,1824,1056,485,2.177319587628866,1.8269896193771626,3139.0,253.17669623591465,0.3314393939393939,0.5416666666666666,0.0,"Larceny Theft:236,Malicious Mischief:132,Burglary:130,Other Miscellaneous:83,Motor Vehicle Theft:68",NA,BELOW_AVG,VERY_BELOW_AVG,NA,403.3602294921875,0.0,876.7550048828125,34.0,0.0,0.0,No_POI,597.5999755859375,252.0,0.0,1.0,13.0,42.0,99.0
06075010401,2021-01-02,2025-12-30,1824,947,435,2.1770114942528735,1.7969639468690701,2437.0,326.0604002471477,0.42344244984160506,0.5945089757127772,0.0,"Larceny Theft:270,Malicious Mischief:79,Burglary:70,Assault:69,Non-Criminal:68",NA,BELOW_AVG,VERY_BELOW_AVG,NA,51.16637420654297,11.0,2172.513916015625,40.0,0.0,0.0,No_POI,430.1000061035156,902.9000244140625,0.0,0.0,14.0,44.0,97.0
06075032700,2021-01-02,2025-12-30,1824,1030,475,2.168421052631579,1.8133802816901408,6721.0,117.76129805245148,0.38932038834951455,0.5048543689320388,0.0,"Larceny Theft:256,Motor Vehicle Theft:129,Burglary:118,Malicious Mischief:82,Fraud:71",NA,BELOW_AVG,VERY_BELOW_AVG,NA,131.50550842285156,12.0,6741.587890625,0.0,0.0,0.0,No_POI,2047.4000244140625,2934.800048828125,0.0,0.0,6.0,20.0,45.0
06075033002,2021-01-02,2025-12-30,1824,887,410,2.1634146341463416,1.859538784067086,4288.0,184.1525982890426,0.43291995490417134,0.6899661781285231,0.0,"Larceny Theft:207,Burglary:101,Motor Vehicle Theft:96,Offences Against The Family And Children:73,Malicious Mischief:65",NA,BELOW_AVG,VERY_BELOW_AVG,NA,398.75946044921875,7.0,4437.9990234375,0.0,0.0,0.0,No_POI,353.5,2036.5999755859375,0.0,0.0,7.0,20.0,48.0
06075010902,2021-01-02,2025-12-30,1824,1021,473,2.1585623678646932,1.8563636363636364,2502.0,314.8981871585184,0.5572967678746327,1.1762977473065621,0.0,"Larceny Theft:322,Burglary:155,Malicious Mischief:91,Assault:70,Other Miscellaneous:66",NA,BELOW_AVG,VERY_BELOW_AVG,NA,10.942968368530273,9.0,2545.440185546875,40.0,0.0,0.0,No_POI,1112.699951171875,977.2000122070312,0.0,0.0,5.0,17.0,42.0
06075030302,2021-01-02,2025-12-30,1824,833,386,2.1580310880829017,1.8227571115973742,3742.0,210.49742040359675,0.4249699879951981,0.7010804321728692,0.0,"Larceny Theft:218,Burglary:107,Motor Vehicle Theft:94,Malicious Mischief:83,Fraud:46",NA,BELOW_AVG,VERY_BELOW_AVG,NA,152.7028045654297,20.0,5356.701171875,0.0,0.0,0.0,No_POI,1199.0999755859375,1088.199951171875,0.0,0.0,4.0,12.0,26.0
06075030500,2021-01-02,2025-12-30,1824,578,271,2.132841328413284,1.811912225705329,3787.0,205.56828224738544,0.801038062283737,3.0986159169550174,0.0,"Larceny Theft:229,Burglary:75,Malicious Mischief:62,Motor Vehicle Theft:43,Non-Criminal:28",NA,BELOW_AVG,VERY_ABOVE_AVG,NA,108.96923828125,21.0,3113.9599609375,24.0,0.0,0.0,No_POI,1219.5,709.9000244140625,0.0,0.0,5.0,16.0,39.0
06075032902,2021-01-02,2025-12-30,1824,692,325,2.129230769230769,1.8453333333333333,3907.0,198.9171309877734,0.41184971098265893,0.5838150289017341,0.0,"Larceny Theft:181,Fraud:67,Malicious Mischief:58,Motor Vehicle Theft:45,Burglary:45",NA,BELOW_AVG,VERY_BELOW_AVG,NA,185.19851684570312,9.0,6460.1259765625,0.0,0.0,0.0,No_POI,1287.800048828125,2623.89990234375,0.0,0.0,3.0,9.0,20.0
06075031301,2021-01-02,2025-12-30,1824,773,365,2.117808219178082,1.8060747663551402,3868.0,199.84488107549123,0.5200517464424321,0.9404915912031048,0.0,"Larceny Theft:186,Motor Vehicle Theft:113,Burglary:54,Malicious Mischief:53,Fraud:46",NA,BELOW_AVG,VERY_BELOW_AVG,NA,215.01968383789062,11.0,1857.92236328125,20.0,0.0,0.0,No_POI,1993.5999755859375,3342.699951171875,0.0,0.0,5.0,17.0,43.0
06075010402,2021-01-02,2025-12-30,1824,810,385,2.103896103896104,1.7802197802197801,2077.0,369.7265661637352,0.4012345679012346,0.6012345679012345,0.0,"Larceny Theft:275,Burglary:65,Other Miscellaneous:58,Motor Vehicle Theft:57,Malicious Mischief:55",NA,BELOW_AVG,VERY_BELOW_AVG,NA,124.52478790283203,14.0,1546.422119140625,40.0,0.0,0.0,No_POI,517.9000244140625,439.20001220703125,0.0,0.0,16.0,45.0,106.0
06075017102,2021-01-02,2025-12-30,1824,954,454,2.101321585903084,1.7634011090573012,3646.0,210.36269304844367,0.5922431865828093,1.859538784067086,0.0,"Larceny Theft:376,Burglary:77,Motor Vehicle Theft:74,Non-Criminal:74,Malicious Mischief:71",NA,BELOW_AVG,BELOW_AVG,NA,96.46122741699219,19.0,3338.99951171875,12.0,0.0,0.0,No_POI,430.1000061035156,1264.800048828125,0.0,0.0,7.0,23.0,53.0
06075032901,2021-01-02,2025-12-30,1824,818,390,2.0974358974358975,1.7478632478632479,5064.0,151.17774537205818,0.30317848410757947,0.4229828850855746,0.0,"Larceny Theft:212,Motor Vehicle Theft:109,Fraud:62,Non-Criminal:53,Malicious Mischief:51",NA,BELOW_AVG,VERY_BELOW_AVG,NA,141.3189239501953,23.0,5604.6298828125,0.0,0.0,0.0,No_POI,753.0999755859375,2608.800048828125,0.0,0.0,3.0,11.0,25.0
06075030201,2021-01-02,2025-12-30,1824,889,426,2.0868544600938965,1.756916996047431,4131.0,184.38680172700853,0.37682789651293586,0.6062992125984252,0.0,"Larceny Theft:264,Burglary:103,Malicious Mischief:90,Motor Vehicle Theft:78,Fraud:57",NA,BELOW_AVG,VERY_BELOW_AVG,NA,121.76886749267578,10.0,5997.71533203125,0.0,0.0,0.0,No_POI,1662.9000244140625,1901.300048828125,0.0,0.0,6.0,19.0,44.0
06075011901,2021-01-02,2025-12-30,1824,740,356,2.0786516853932584,1.8316831683168318,2387.0,317.84996446105544,0.27837837837837837,0.40945945945945944,0.0,"Larceny Theft:183,Motor Vehicle Theft:93,Malicious Mischief:60,Suspicious Occ:57,Other Miscellaneous:54",NA,BELOW_AVG,VERY_BELOW_AVG,NA,99.88846588134766,4.0,1174.7835693359375,46.0,0.0,0.0,No_POI,728.2000122070312,935.9000244140625,0.0,0.0,7.0,23.0,53.0
06075980501,2021-01-02,2025-12-30,1824,692,333,2.078078078078078,1.8115183246073299,129.0,5879.833321693786,0.3916184971098266,0.791907514450867,0.0,"Larceny Theft:127,Motor Vehicle Theft:81,Weapons Offense:60,Recovered Vehicle:59,Other Miscellaneous:50",NA,BELOW_AVG,VERY_BELOW_AVG,NA,83.26593780517578,13.0,2678.5830078125,13.0,0.0,0.0,No_POI,2012.0,3910.89990234375,0.0,0.0,6.0,18.0,44.0
06075060100,2021-01-02,2025-12-30,1824,499,241,2.070539419087137,1.8619402985074627,3952.0,191.23149999160046,0.14228456913827656,0.21442885771543085,0.0,"Larceny Theft:202,Non-Criminal:43,Malicious Mischief:40,Burglary:34,Other Miscellaneous:20",NA,BELOW_AVG,VERY_BELOW_AVG,NA,753.9141235351562,28.0,8924.6689453125,0.0,0.0,0.0,No_POI,2263.199951171875,2406.60009765625,0.0,0.0,11.0,32.0,73.0
06075015402,2021-01-02,2025-12-30,1824,736,356,2.067415730337079,1.7777777777777777,2848.0,264.9602322939023,0.6331521739130435,1.7418478260869565,0.0,"Larceny Theft:231,Burglary:126,Malicious Mischief:60,Motor Vehicle Theft:52,Suspicious Occ:40",NA,BELOW_AVG,BELOW_AVG,NA,134.03602600097656,6.0,4706.8681640625,0.0,0.0,0.0,No_POI,1379.699951171875,1681.9000244140625,0.0,0.0,3.0,9.0,24.0
06075042601,2021-01-02,2025-12-30,1824,704,341,2.064516129032258,1.7556109725685785,4126.0,182.63412193329475,0.3068181818181818,0.5440340909090909,0.0,"Larceny Theft:212,Burglary:144,Malicious Mischief:67,Fraud:48,Motor Vehicle Theft:47",NA,BELOW_AVG,VERY_BELOW_AVG,NA,216.14181518554688,3.0,7310.20849609375,0.0,0.0,0.0,No_POI,1520.5,3774.10009765625,0.0,0.0,3.0,12.0,27.0
06075026002,2021-01-02,2025-12-30,1824,814,395,2.060759493670886,1.7969094922737308,3683.0,204.22949095570823,0.33415233415233414,0.5466830466830467,0.0,"Larceny Theft:176,Motor Vehicle Theft:138,Recovered Vehicle:63,Malicious Mischief:61,Offences Against The Family And Children:40",NA,BELOW_AVG,VERY_BELOW_AVG,NA,167.42138671875,9.0,1497.4871826171875,19.0,0.0,0.0,No_POI,1754.0999755859375,3267.300048828125,0.0,0.0,4.0,12.0,28.0
06075021300,2021-01-02,2025-12-30,1824,694,337,2.059347181008902,1.8167539267015707,2663.0,282.2612546257038,0.4092219020172911,0.6253602305475504,0.0,"Larceny Theft:236,Burglary:133,Motor Vehicle Theft:86,Malicious Mischief:45,Fraud:35",NA,BELOW_AVG,VERY_BELOW_AVG,NA,210.3955078125,15.0,1902.9783935546875,22.0,0.0,0.0,No_POI,656.0,1351.0,0.0,0.0,4.0,12.0,29.0
06075031202,2021-01-02,2025-12-30,1824,573,280,2.0464285714285713,1.819047619047619,2804.0,266.3860301609945,0.39267015706806285,0.5026178010471204,0.0,"Larceny Theft:148,Motor Vehicle Theft:79,Malicious Mischief:53,Fraud:42,Burglary:37",NA,BELOW_AVG,VERY_BELOW_AVG,NA,86.56238555908203,13.0,341.5084228515625,20.0,0.0,0.0,No_POI,786.4000244140625,3068.699951171875,0.0,0.0,7.0,23.0,51.0
06075033001,2021-01-02,2025-12-30,1824,623,305,2.042622950819672,1.8269794721407624,4075.0,182.95886553354117,0.2857142857142857,0.45264847512038525,0.0,"Larceny Theft:190,Motor Vehicle Theft:76,Fraud:53,Burglary:49,Malicious Mischief:46",NA,BELOW_AVG,VERY_BELOW_AVG,NA,128.6710968017578,15.0,5215.05859375,0.0,0.0,0.0,No_POI,940.2000122070312,2857.300048828125,0.0,0.0,3.0,10.0,24.0
06075013101,2021-01-02,2025-12-30,1824,726,357,2.033613445378151,1.797029702970297,4269.0,173.87418776365078,0.28512396694214875,0.3209366391184573,0.0,"Larceny Theft:264,Burglary:113,Malicious Mischief:66,Motor Vehicle Theft:61,Other Miscellaneous:40",NA,BELOW_AVG,VERY_BELOW_AVG,NA,194.26841735839844,6.0,2382.05712890625,45.0,0.0,0.0,No_POI,1466.300048828125,1337.0,0.0,0.0,4.0,13.0,30.0
06075047802,2021-01-02,2025-12-30,1824,566,279,2.028673835125448,1.7911392405063291,3664.0,202.0922352130973,0.3745583038869258,0.5141342756183745,0.0,"Larceny Theft:168,Motor Vehicle Theft:59,Burglary:55,Malicious Mischief:39,Fraud:37",NA,BELOW_AVG,VERY_BELOW_AVG,NA,254.88021850585938,10.0,8749.8486328125,0.0,0.0,0.0,No_POI,2815.699951171875,4408.2998046875,0.0,0.0,8.0,27.0,59.0
06075042700,2021-01-02,2025-12-30,1824,665,329,2.021276595744681,1.7227979274611398,5229.0,141.09121389305957,0.4120300751879699,0.8466165413533835,0.0,"Larceny Theft:185,Motor Vehicle Theft:50,Fraud:46,Assault:44,Burglary:44",NA,BELOW_AVG,VERY_BELOW_AVG,NA,176.0235595703125,20.0,8249.62890625,0.0,0.0,0.0,No_POI,2155.800048828125,4389.2998046875,0.0,0.0,3.0,10.0,24.0
06075010901,2021-01-02,2025-12-30,1824,580,289,2.0069204152249136,1.7737003058103975,2007.0,364.9855264360206,0.4,0.6224137931034482,0.0,"Larceny Theft:184,Burglary:97,Malicious Mischief:51,Motor Vehicle Theft:50,Non-Criminal:33",NA,VERY_BELOW_AVG,VERY_BELOW_AVG,NA,14.813287734985352,13.0,2350.066650390625,40.0,0.0,0.0,No_POI,746.9000244140625,1164.0,0.0,0.0,4.0,14.0,33.0
06075032602,2021-01-02,2025-12-30,1824,611,305,2.00327868852459,1.7557471264367817,4344.0,168.32337046765085,0.220949263502455,0.32569558101472995,0.0,"Larceny Theft:168,Motor Vehicle Theft:79,Fraud:67,Burglary:63,Malicious Mischief:45",NA,VERY_BELOW_AVG,VERY_BELOW_AVG,NA,136.93695068359375,7.0,6318.10107421875,0.0,0.0,0.0,No_POI,1669.699951171875,2206.199951171875,0.0,0.0,7.0,22.0,53.0
06075010102,2021-01-02,2025-12-30,1824,611,306,1.9967320261437909,1.711484593837535,1908.0,381.9744179992053,0.45662847790507366,1.0409165302782324,0.0,"Larceny Theft:267,Malicious Mischief:50,Non-Criminal:42,Assault:37,Other Miscellaneous:29",NA,VERY_BELOW_AVG,VERY_BELOW_AVG,NA,120.28331756591797,7.0,2482.78662109375,40.0,0.0,0.0,No_POI,798.5,1167.9000244140625,0.0,0.0,9.0,31.0,75.0
06075035101,2021-01-02,2025-12-30,1824,658,331,1.987915407854985,1.7225130890052356,4018.0,180.58465004158026,0.4209726443768997,0.5866261398176292,0.0,"Larceny Theft:171,Motor Vehicle Theft:66,Malicious Mischief:49,Burglary:47,Assault:45",NA,VERY_BELOW_AVG,VERY_BELOW_AVG,NA,127.6261215209961,5.0,8226.5888671875,0.0,0.0,0.0,No_POI,2538.199951171875,3674.199951171875,0.0,0.0,6.0,19.0,48.0
06075047903,2021-01-02,2025-12-30,1824,605,308,1.9642857142857142,1.7385057471264367,3981.0,180.09652994581404,0.28429752066115704,0.4628099173553719,0.0,"Larceny Theft:162,Burglary:101,Motor Vehicle Theft:59,Malicious Mischief:42,Fraud:38",NA,VERY_BELOW_AVG,VERY_BELOW_AVG,NA,45.74554443359375,9.0,9846.0126953125,0.0,0.0,0.0,No_POI,3503.39990234375,4777.7001953125,0.0,0.0,1.0,5.0,12.0
06075013401,2021-01-02,2025-12-30,1824,564,288,1.9583333333333333,1.7195121951219512,1370.0,521.7457420924574,0.4078014184397163,0.5585106382978723,0.0,"Larceny Theft:210,Burglary:97,Malicious Mischief:44,Motor Vehicle Theft:33,Recovered Vehicle:27",NA,VERY_BELOW_AVG,VERY_BELOW_AVG,NA,246.8119659423828,7.0,3202.5546875,27.0,0.0,0.0,No_POI,1210.199951171875,1869.9000244140625,0.0,0.0,4.0,12.0,29.0
06075015802,2021-01-02,2025-12-30,1824,750,383,1.95822454308094,1.7006802721088434,3340.0,213.99759228279734,0.436,0.72,0.0,"Larceny Theft:267,Burglary:98,Malicious Mischief:69,Motor Vehicle Theft:65,Other Miscellaneous:32",NA,VERY_BELOW_AVG,VERY_BELOW_AVG,NA,48.842681884765625,7.0,2715.997802734375,27.0,0.0,0.0,No_POI,595.5999755859375,541.5999755859375,0.0,0.0,9.0,29.0,68.5
06075061504,2021-01-02,2025-12-30,1824,243,125,1.944,1.8409090909090908,1567.0,452.81429483088704,0.43621399176954734,0.49794238683127573,0.0,"Larceny Theft:37,Malicious Mischief:32,Other Miscellaneous:25,Burglary:22,Motor Vehicle Theft:20",NA,VERY_BELOW_AVG,VERY_BELOW_AVG,NA,299.8811340332031,0.0,1114.587158203125,45.0,0.0,0.0,No_POI,1173.4000244140625,495.70001220703125,0.0,0.0,3.0,10.0,24.0
06075013402,2021-01-02,2025-12-30,1824,606,312,1.9423076923076923,1.6602739726027398,2107.0,336.4700083969187,0.24752475247524752,0.4273927392739274,0.0,"Larceny Theft:227,Burglary:113,Motor Vehicle Theft:66,Malicious Mischief:41,Suspicious Occ:26",NA,VERY_BELOW_AVG,VERY_BELOW_AVG,NA,256.1894226074219,3.0,3513.5830078125,19.0,0.0,0.0,No_POI,1407.9000244140625,1797.199951171875,0.0,0.0,2.0,9.0,21.0
06075031000,2021-01-02,2025-12-30,1824,581,300,1.9366666666666668,1.6743515850144093,4140.0,170.74476650563608,0.2633390705679862,0.3958691910499139,0.0,"Larceny Theft:145,Burglary:78,Motor Vehicle Theft:78,Fraud:47,Other Miscellaneous:38",NA,VERY_BELOW_AVG,VERY_BELOW_AVG,NA,379.05755615234375,18.0,1844.2318115234375,20.0,0.0,0.0,No_POI,1132.699951171875,1920.300048828125,0.0,0.0,5.0,19.0,45.0
06075035102,2021-01-02,2025-12-30,1824,613,325,1.886153846153846,1.6259946949602122,4458.0,154.42937502156883,0.24306688417618272,0.29853181076672103,0.0,"Larceny Theft:151,Burglary:68,Malicious Mischief:61,Fraud:52,Motor Vehicle Theft:49",NA,VERY_BELOW_AVG,VERY_BELOW_AVG,NA,207.48690795898438,7.0,7650.81396484375,0.0,0.0,0.0,No_POI,1971.4000244140625,3436.39990234375,0.0,0.0,5.0,13.0,31.0
